ID Race,Race,ID Year,Year,ID Workforce Status,Workforce Status,ID Detailed Occupation,Detailed Occupation,Average Wage,Average Wage Appx MOE,Total Population,Total Population MOE Appx,Record Count,Geography,ID Geography
5,"American Indian and Alaska Native tribes specified; or American Indian or Alaska Native, not specified and no other races",2017,"2017","true","true","533030","Driver/sales workers & truck drivers",36575.19158878505,29370.470986660246,214,359.14830598595074,9,"Illinois","04000US17"
9,"Two or More Races",2017,"2017","true","true","412010","Cashiers",17573.81376,20699.73022879122,3125,1372.0991766607308,122,"Illinois","04000US17"
9,"Two or More Races",2017,"2017","true","true","252020","Elementary & middle school teachers",46323.92668621701,17399.516085527113,1364,906.6341562015822,71,"Illinois","04000US17"
9,"Two or More Races",2017,"2017","true","true","436010","Secretaries & administrative assistants",34336.51836306401,11599.900360656535,1906,1071.683442650695,81,"Illinois","04000US17"
9,"Two or More Races",2017,"2017","true","true","533030","Driver/sales workers & truck drivers",44403.69288040949,15417.140328709685,2149,1137.9269800052937,85,"Illinois","04000US17"
9,"Two or More Races",2017,"2017","true","true","119XXX","Miscellaneous managers",81648.97297297297,33114.990961369294,1924,1076.7303343906992,82,"Illinois","04000US17"
8,"Other",2017,"2017","true","true","412010","Cashiers",15330.890885232664,5653.258664799104,9907,2441.6498505722934,335,"Illinois","04000US17"
8,"Other",2017,"2017","true","true","252020","Elementary & middle school teachers",58488.66398390342,34112.94080753322,1988,1094.486135138553,89,"Illinois","04000US17"
8,"Other",2017,"2017","true","true","436010","Secretaries & administrative assistants",28048.578405554224,6451.338263825151,4177,1586.1865046937764,158,"Illinois","04000US17"
8,"Other",2017,"2017","true","true","533030","Driver/sales workers & truck drivers",38775.461897356145,5359.929720134366,10288,2488.077066553978,331,"Illinois","04000US17"
8,"Other",2017,"2017","true","true","119XXX","Miscellaneous managers",63883.61214953271,23118.538239317968,3424,1436.205001488295,116,"Illinois","04000US17"
6,"Asian",2017,"2017","true","true","412010","Cashiers",15695.521696113074,4174.849445925653,7075,2063.8550719594436,294,"Illinois","04000US17"
6,"Asian",2017,"2017","true","true","252020","Elementary & middle school teachers",43990.24286662243,12395.96758715555,3014,1347.5229690240735,127,"Illinois","04000US17"
6,"Asian",2017,"2017","true","true","436010","Secretaries & administrative assistants",34487.32322210987,11669.281355954838,2967,1336.9804128543178,143,"Illinois","04000US17"
6,"Asian",2017,"2017","true","true","533030","Driver/sales workers & truck drivers",29257.48905109489,10006.781135888417,2055,1112.7703297317842,84,"Illinois","04000US17"
1,"White",2017,"2017","true","true","119XXX","Miscellaneous managers",101089.82871180716,6158.98932731657,130260,8763.258079439103,6681,"Illinois","04000US17"
1,"White",2017,"2017","true","true","533030","Driver/sales workers & truck drivers",45014.23489390427,2358.458163600034,112587,8159.503147527045,6103,"Illinois","04000US17"
1,"White",2017,"2017","true","true","436010","Secretaries & administrative assistants",35270.8832700208,1832.372277179666,116354,8292.201363319531,6782,"Illinois","04000US17"
1,"White",2017,"2017","true","true","252020","Elementary & middle school teachers",51140.48414574018,2049.3884438937516,117634,8336.771192093236,6509,"Illinois","04000US17"
1,"White",2017,"2017","true","true","412010","Cashiers",14458.097254096021,1887.233557422227,87585,7212.138879148193,4310,"Illinois","04000US17"
6,"Asian",2017,"2017","true","true","119XXX","Miscellaneous managers",105479.2572105887,18634.98223793048,10124,2468.2004324724253,448,"Illinois","04000US17"
5,"American Indian and Alaska Native tribes specified; or American Indian or Alaska Native, not specified and no other races",2017,"2017","true","true","412010","Cashiers",5884.826303680981,11001.7583963631,163,313.44590632502917,6,"Illinois","04000US17"
5,"American Indian and Alaska Native tribes specified; or American Indian or Alaska Native, not specified and no other races",2017,"2017","true","true","436010","Secretaries & administrative assistants",31214.312849162012,24737.94265636633,179,328.46925889062123,8,"Illinois","04000US17"
5,"American Indian and Alaska Native tribes specified; or American Indian or Alaska Native, not specified and no other races",2017,"2017","true","true","119XXX","Miscellaneous managers",65727.7957746479,112490.978987521,142,292.55918662294164,5,"Illinois","04000US17"
3,"American Indian",2017,"2017","true","true","412010","Cashiers",20855.07756232687,19556.2007004051,361,466.46081063994563,10,"Illinois","04000US17"
3,"American Indian",2017,"2017","true","true","252020","Elementary & middle school teachers",52076.32716049383,65245.241742274644,81,220.9603285881468,6,"Illinois","04000US17"
3,"American Indian",2017,"2017","true","true","436010","Secretaries & administrative assistants",44357.96629213483,38031.23257576933,267,401.16277682016056,10,"Illinois","04000US17"
3,"American Indian",2017,"2017","true","true","533030","Driver/sales workers & truck drivers",33756.91891891892,24530.730926996253,185,333.9287870690613,10,"Illinois","04000US17"
2,"Black",2017,"2017","true","true","412010","Cashiers",13735.21708700374,3168.039520046198,24861,3862.987866309089,800,"Illinois","04000US17"
2,"Black",2017,"2017","true","true","252020","Elementary & middle school teachers",51344.95382494831,6295.2009754618775,11608,2642.5834325289684,450,"Illinois","04000US17"
2,"Black",2017,"2017","true","true","436010","Secretaries & administrative assistants",38489.33678935545,4727.33576581638,11574,2638.718078289744,470,"Illinois","04000US17"
2,"Black",2017,"2017","true","true","533030","Driver/sales workers & truck drivers",43199.32926694022,4823.486334188295,18034,3292.0054696953935,619,"Illinois","04000US17"
2,"Black",2017,"2017","true","true","119XXX","Miscellaneous managers",75412.64853700517,13789.759206498478,11620,2643.9463154066166,410,"Illinois","04000US17"
6,"Asian",2016,"2016","true","true","412010","Cashiers",14920.845434938892,4239.928905429961,6955,2046.2880450277833,295,"Illinois","04000US17"
2,"Black",2016,"2016","true","true","252020","Elementary & middle school teachers",51545.37627001894,6167.168617447556,11614,2643.2429219513697,459,"Illinois","04000US17"
2,"Black",2016,"2016","true","true","436010","Secretaries & administrative assistants",38109.93877051188,4782.535348070868,12249,2714.3948745646517,522,"Illinois","04000US17"
2,"Black",2016,"2016","true","true","533030","Driver/sales workers & truck drivers",40671.69605455431,4938.843588404352,16424,3142.012321206552,589,"Illinois","04000US17"
2,"Black",2016,"2016","true","true","119XXX","Miscellaneous managers",77150.17012802276,13779.112377283043,10545,2518.88850097413,383,"Illinois","04000US17"
9,"Two or More Races",2016,"2016","true","true","412010","Cashiers",22502.05925925926,19283.446227826917,3240,1397.100934175284,128,"Illinois","04000US17"
9,"Two or More Races",2016,"2016","true","true","252020","Elementary & middle school teachers",53442.704992435705,23832.938249005554,1322,892.568884671579,65,"Illinois","04000US17"
9,"Two or More Races",2016,"2016","true","true","436010","Secretaries & administrative assistants",33741.352464129755,11523.335809631339,1603,982.8390751691356,71,"Illinois","04000US17"
9,"Two or More Races",2016,"2016","true","true","533030","Driver/sales workers & truck drivers",36398.82891782667,12061.681960257123,2227,1158.384531883656,87,"Illinois","04000US17"
9,"Two or More Races",2016,"2016","true","true","119XXX","Miscellaneous managers",81734.08209399167,32250.949866380048,1681,1006.460265221,69,"Illinois","04000US17"
1,"White",2016,"2016","true","true","119XXX","Miscellaneous managers",97930.61193350943,6019.761569865608,125311,8598.044981622907,6376,"Illinois","04000US17"
8,"Other",2016,"2016","true","true","412010","Cashiers",15972.58661216147,5847.909231195912,9785,2426.577318216048,343,"Illinois","04000US17"
8,"Other",2016,"2016","true","true","252020","Elementary & middle school teachers",53240.30089181854,26190.489557330642,2579,1246.5374478348888,102,"Illinois","04000US17"
3,"American Indian",2016,"2016","true","true","533030","Driver/sales workers & truck drivers",37836.818452380954,31416.661837089334,336,450.0202015177229,15,"Illinois","04000US17"
3,"American Indian",2016,"2016","true","true","436010","Secretaries & administrative assistants",46811.22388059701,40948.30185106079,201,348.06902525461066,7,"Illinois","04000US17"
3,"American Indian",2016,"2016","true","true","412010","Cashiers",23302.226235741444,22715.208724115397,263,398.14653157087713,8,"Illinois","04000US17"
8,"Other",2016,"2016","true","true","436010","Secretaries & administrative assistants",28497.23516375277,6880.0874446914395,4061,1564.017061704629,154,"Illinois","04000US17"
8,"Other",2016,"2016","true","true","533030","Driver/sales workers & truck drivers",38657.735833157785,5342.331266246285,9494,2390.281654663352,295,"Illinois","04000US17"
8,"Other",2016,"2016","true","true","119XXX","Miscellaneous managers",63050.6525198939,24850.906255918315,3016,1347.9668411441387,103,"Illinois","04000US17"
1,"White",2016,"2016","true","true","533030","Driver/sales workers & truck drivers",42889.18863251671,2185.4880848625808,112250,8146.849904817494,6062,"Illinois","04000US17"
1,"White",2016,"2016","true","true","436010","Secretaries & administrative assistants",34548.87180131087,1771.5373637085509,119463,8399.27874132428,6966,"Illinois","04000US17"
1,"White",2016,"2016","true","true","252020","Elementary & middle school teachers",50200.67083854818,2021.4129440865252,116654,8301.962738237356,6423,"Illinois","04000US17"
1,"White",2016,"2016","true","true","412010","Cashiers",14186.556546222431,1920.824302395671,89502,7288.970060527567,4432,"Illinois","04000US17"
2,"Black",2016,"2016","true","true","412010","Cashiers",12640.932729727583,2979.4550935079815,25182,3887.670983104675,816,"Illinois","04000US17"
5,"American Indian and Alaska Native tribes specified; or American Indian or Alaska Native, not specified and no other races",2016,"2016","true","true","119XXX","Miscellaneous managers",58540.72101449275,107932.40855650249,138,288.40926926949754,5,"Illinois","04000US17"
5,"American Indian and Alaska Native tribes specified; or American Indian or Alaska Native, not specified and no other races",2016,"2016","true","true","533030","Driver/sales workers & truck drivers",35025.02409638554,23867.371977919003,249,387.4050273085316,10,"Illinois","04000US17"
5,"American Indian and Alaska Native tribes specified; or American Indian or Alaska Native, not specified and no other races",2016,"2016","true","true","436010","Secretaries & administrative assistants",27351.468085106382,25365.407038805057,141,291.5272236885895,6,"Illinois","04000US17"
5,"American Indian and Alaska Native tribes specified; or American Indian or Alaska Native, not specified and no other races",2016,"2016","true","true","412010","Cashiers",3907.7364026717555,11117.41793375359,131,280.9995192487319,6,"Illinois","04000US17"
6,"Asian",2016,"2016","true","true","252020","Elementary & middle school teachers",42257.728410914926,12575.1764415345,3115,1369.900153239636,130,"Illinois","04000US17"
6,"Asian",2016,"2016","true","true","436010","Secretaries & administrative assistants",32120.22252010724,10587.869401018123,2984,1340.8003979480409,139,"Illinois","04000US17"
6,"Asian",2016,"2016","true","true","533030","Driver/sales workers & truck drivers",30962.979852579854,12299.075877662553,2035,1107.3423989317519,77,"Illinois","04000US17"
6,"Asian",2016,"2016","true","true","119XXX","Miscellaneous managers",100345.26386273278,17330.12381995504,9558,2398.3116352676793,406,"Illinois","04000US17"
2,"Black",2015,"2015","true","true","436010","Secretaries & administrative assistants",37962.15915563746,4716.29294735116,11938,2679.7592125263764,531,"Illinois","04000US17"
2,"Black",2015,"2015","true","true","119XXX","Miscellaneous managers",73145.11007877196,14593.595229549986,9902,2440.9976759410374,353,"Illinois","04000US17"
6,"Asian",2015,"2015","true","true","533030","Driver/sales workers & truck drivers",28492.126203208558,12826.381011735855,1870,1061.5145505921826,66,"Illinois","04000US17"
6,"Asian",2015,"2015","true","true","436010","Secretaries & administrative assistants",32010.33070866142,11305.155243109224,2540,1237.0779346466868,119,"Illinois","04000US17"
6,"Asian",2015,"2015","true","true","252020","Elementary & middle school teachers",40741.93964254322,11984.80780751176,3413,1433.8900061231964,137,"Illinois","04000US17"
6,"Asian",2015,"2015","true","true","412010","Cashiers",16076.248239895698,6498.4869834273695,7670,2148.754427551554,310,"Illinois","04000US17"
5,"American Indian and Alaska Native tribes specified; or American Indian or Alaska Native, not specified and no other races",2015,"2015","true","true","412010","Cashiers",3973.205965909091,13063.534940051532,110,257.49393675878963,5,"Illinois","04000US17"
5,"American Indian and Alaska Native tribes specified; or American Indian or Alaska Native, not specified and no other races",2015,"2015","true","true","436010","Secretaries & administrative assistants",32388.69172932331,19091.499135382575,133,283.1363498897557,5,"Illinois","04000US17"
5,"American Indian and Alaska Native tribes specified; or American Indian or Alaska Native, not specified and no other races",2015,"2015","true","true","533030","Driver/sales workers & truck drivers",34503.94394618834,22718.09765024032,223,366.6223106244214,9,"Illinois","04000US17"
8,"Other",2015,"2015","true","true","119XXX","Miscellaneous managers",59064.834809395456,26767.157069766956,2597,1250.8754087225748,90,"Illinois","04000US17"
8,"Other",2015,"2015","true","true","533030","Driver/sales workers & truck drivers",37080.657885998895,6804.15521572209,9035,2331.8590968854332,270,"Illinois","04000US17"
8,"Other",2015,"2015","true","true","436010","Secretaries & administrative assistants",28578.280533870562,6818.830279372443,3971,1546.5959051260975,150,"Illinois","04000US17"
8,"Other",2015,"2015","true","true","252020","Elementary & middle school teachers",48948.46618265189,11473.722986742087,2617,1255.6806345469415,101,"Illinois","04000US17"
8,"Other",2015,"2015","true","true","412010","Cashiers",14989.516821896977,5151.118258975353,10522,2516.1234048504607,351,"Illinois","04000US17"
2,"Black",2015,"2015","true","true","533030","Driver/sales workers & truck drivers",40503.113190127406,4796.965785772907,16247,3125.04166082486,591,"Illinois","04000US17"
6,"Asian",2015,"2015","true","true","119XXX","Miscellaneous managers",95755.81606546041,15917.266751344008,8677,2285.2639537081263,365,"Illinois","04000US17"
3,"American Indian",2015,"2015","true","true","412010","Cashiers",23454.572874493926,23702.030631260717,247,385.8460352521565,7,"Illinois","04000US17"
3,"American Indian",2015,"2015","true","true","436010","Secretaries & administrative assistants",49525.154696132595,40361.08723987478,181,330.2990384270231,7,"Illinois","04000US17"
3,"American Indian",2015,"2015","true","true","533030","Driver/sales workers & truck drivers",41057.10062893082,32670.90715504286,318,437.8007313546504,15,"Illinois","04000US17"
1,"White",2015,"2015","true","true","412010","Cashiers",14043.372290250438,1821.3889646551402,90322,7321.22175496736,4447,"Illinois","04000US17"
1,"White",2015,"2015","true","true","252020","Elementary & middle school teachers",49954.98000171659,2021.8019227392867,116510,8296.14078907574,6348,"Illinois","04000US17"
1,"White",2015,"2015","true","true","436010","Secretaries & administrative assistants",33861.629178449715,1526.3200287895136,124119,8557.058193603605,7170,"Illinois","04000US17"
1,"White",2015,"2015","true","true","533030","Driver/sales workers & truck drivers",41730.35494831201,2179.7093800561206,110664,8089.46118907723,5996,"Illinois","04000US17"
9,"Two or More Races",2015,"2015","true","true","119XXX","Miscellaneous managers",83954.25459151361,39971.55587533557,1579,975.4545687884977,65,"Illinois","04000US17"
9,"Two or More Races",2015,"2015","true","true","533030","Driver/sales workers & truck drivers",36225.186283595925,18877.817113327295,2158,1140.3026819631964,88,"Illinois","04000US17"
9,"Two or More Races",2015,"2015","true","true","436010","Secretaries & administrative assistants",34874.559548978155,13488.01567793726,1419,924.7261444632557,63,"Illinois","04000US17"
9,"Two or More Races",2015,"2015","true","true","252020","Elementary & middle school teachers",53057.99215686275,20412.963650536654,1530,960.2040243113875,66,"Illinois","04000US17"
9,"Two or More Races",2015,"2015","true","true","412010","Cashiers",22921.44563167819,18902.734032616092,3182,1384.5427943608329,127,"Illinois","04000US17"
2,"Black",2015,"2015","true","true","252020","Elementary & middle school teachers",51538.343878954605,6244.134713306859,11632,2645.2613964211755,472,"Illinois","04000US17"
2,"Black",2015,"2015","true","true","412010","Cashiers",12864.996039262958,2307.573384972954,23228,3734.3448738670218,777,"Illinois","04000US17"
1,"White",2015,"2015","true","true","119XXX","Miscellaneous managers",95233.80148389893,5893.230994213061,117663,8336.249011979615,5947,"Illinois","04000US17"
6,"Asian",2014,"2014","true","true","436010","Secretaries & administrative assistants",30582.746268656716,10171.668032106993,2814,1302.0598747860251,131,"Illinois","04000US17"
2,"Black",2014,"2014","true","true","119XXX","Miscellaneous managers",75377.4492884572,15873.766304523142,8854,2308.4012282620315,328,"Illinois","04000US17"
6,"Asian",2014,"2014","true","true","252020","Elementary & middle school teachers",43540.92772133527,11966.48327275891,3445,1440.5879567580255,141,"Illinois","04000US17"
6,"Asian",2014,"2014","true","true","412010","Cashiers",16939.880168358504,6736.94028417322,8078,2205.071558010116,325,"Illinois","04000US17"
5,"American Indian and Alaska Native tribes specified; or American Indian or Alaska Native, not specified and no other races",2014,"2014","true","true","533030","Driver/sales workers & truck drivers",36520.61421319797,13159.915523729247,197,344.588248947823,7,"Illinois","04000US17"
2,"Black",2014,"2014","true","true","412010","Cashiers",13101.1255643467,2462.8042879322957,22371,3665.0046969927407,756,"Illinois","04000US17"
8,"Other",2014,"2014","true","true","119XXX","Miscellaneous managers",56278.283179802114,17746.188665702557,2931,1328.8391542891438,93,"Illinois","04000US17"
8,"Other",2014,"2014","true","true","533030","Driver/sales workers & truck drivers",35785.89446589447,6445.004308956206,9324,2368.781308868297,268,"Illinois","04000US17"
8,"Other",2014,"2014","true","true","436010","Secretaries & administrative assistants",29434.379014989292,7187.009522941734,3736,1500.160237973798,146,"Illinois","04000US17"
9,"Two or More Races",2014,"2014","true","true","119XXX","Miscellaneous managers",75857.72210223183,33600.793249596456,1389,914.9000266134174,58,"Illinois","04000US17"
9,"Two or More Races",2014,"2014","true","true","533030","Driver/sales workers & truck drivers",37481.261320240046,22431.312482815734,1833,1050.9620838681565,80,"Illinois","04000US17"
9,"Two or More Races",2014,"2014","true","true","436010","Secretaries & administrative assistants",31902.620220900593,13982.470625677075,1177,842.2067601704457,57,"Illinois","04000US17"
9,"Two or More Races",2014,"2014","true","true","252020","Elementary & middle school teachers",56932.86980609418,21559.058849344292,1444,932.8333088574753,66,"Illinois","04000US17"
9,"Two or More Races",2014,"2014","true","true","412010","Cashiers",24238.504314477468,19550.363377951555,3129,1372.9661770666908,130,"Illinois","04000US17"
8,"Other",2014,"2014","true","true","252020","Elementary & middle school teachers",46296.774302620455,11508.191306466219,2366,1193.9692290442308,96,"Illinois","04000US17"
8,"Other",2014,"2014","true","true","412010","Cashiers",14680.06785348122,5116.824700057719,10729,2540.6832777766485,330,"Illinois","04000US17"
6,"Asian",2014,"2014","true","true","119XXX","Miscellaneous managers",98931.9073642936,18829.90987281813,8161,2216.3550129345326,348,"Illinois","04000US17"
2,"Black",2014,"2014","true","true","533030","Driver/sales workers & truck drivers",40205.06948274702,5347.090038335072,14867,2989.693155220734,542,"Illinois","04000US17"
2,"Black",2014,"2014","true","true","436010","Secretaries & administrative assistants",37444.77305131218,4659.308368997948,12765,2770.796266668729,563,"Illinois","04000US17"
3,"American Indian",2014,"2014","true","true","412010","Cashiers",9509.123762376237,34102.34702055125,101,246.73550427949073,6,"Illinois","04000US17"
3,"American Indian",2014,"2014","true","true","436010","Secretaries & administrative assistants",52967.0243902439,35939.20291506053,205,351.5150951923095,10,"Illinois","04000US17"
3,"American Indian",2014,"2014","true","true","533030","Driver/sales workers & truck drivers",38773.24825174825,35884.236466208094,286,415.1901288130701,12,"Illinois","04000US17"
1,"White",2014,"2014","true","true","533030","Driver/sales workers & truck drivers",41295.13506674729,2216.8362034465613,107495,7974.221808345707,5889,"Illinois","04000US17"
2,"Black",2014,"2014","true","true","252020","Elementary & middle school teachers",52680.918200736356,5918.110269175289,12494,2741.291053109362,508,"Illinois","04000US17"
6,"Asian",2014,"2014","true","true","533030","Driver/sales workers & truck drivers",27288.651336233685,13858.512563803102,1609,984.6735311997093,57,"Illinois","04000US17"
1,"White",2014,"2014","true","true","412010","Cashiers",14677.112947658403,2043.9758317128849,90024,7308.727732558611,4526,"Illinois","04000US17"
1,"White",2014,"2014","true","true","252020","Elementary & middle school teachers",49749.155263314795,1990.4415992421336,117407,8326.471869596226,6447,"Illinois","04000US17"
1,"White",2014,"2014","true","true","436010","Secretaries & administrative assistants",33845.83818324198,1498.9718871295274,127700,8675.889220857822,7355,"Illinois","04000US17"
1,"White",2014,"2014","true","true","119XXX","Miscellaneous managers",95163.66575546494,6065.564071870149,110111,8068.805855157118,5641,"Illinois","04000US17"