OBJECTID,Form,Id,ORIG_FID,GlobalID,Shape__Area,Shape__Length
1,Agriculture,1,1,34d5a991-a4f5-4ac1-bc9e-28e56c8082ea,2.136279858e-06,0.006233615634876
2,Agriculture,1,1,0b37dc51-81b9-4794-b807-095f7292ef9e,0.00577817532843,0.771174015250995
3,Agriculture,1,1,cc558a9f-e072-40f5-b473-4b26f2db3798,0.000222590497099,0.07484215971822
4,Agriculture,1,1,6833ad1a-a261-40af-900f-cde29117f5b3,0.008444224018662,0.63237288876749
5,Agriculture,1,1,8518fd87-3ccd-40cd-b780-0848123882e8,9.24025e-10,0.000199390904069
6,Agriculture,1,1,046fcca4-5ab0-4dd0-9418-24d020089cc5,0.001337633016829,0.23862647494686
7,Agriculture,1,1,1aed24b3-fba0-451c-9986-544ee2a1d364,6.97158e-10,0.019420401110392
8,Agriculture,1,1,3489cfe5-75d4-40cf-bb92-043d015fd4a9,5.3645e-10,0.000946707531368
9,Agriculture,1,1,166c18a2-df1d-45cd-941b-45d7ea2032de,0.040455396849748,3.54321248469872
10,Agriculture,1,1,501e6ecc-1c96-4656-9202-1395261e12b9,0.004371474887943,0.459582921590249
11,Agriculture Preservation,1,1,e4bd704f-4c4b-4c77-b446-7fc031ff19b6,0.000398906614843,0.108184191853675
12,Agriculture Preservation,1,1,013c1d52-ff3d-40ba-83ba-1c0f08c75cb7,5.808643e-09,0.00324102599395
13,Agriculture Preservation,1,1,0c51f22b-e544-41bd-b633-afc6eecfcebe,2.31264e-10,0.001609804478652
14,Agriculture Preservation,1,1,f3d0fe90-7fdd-4c61-a96f-e28a2278af26,0.007511499777096,0.821109888140278
15,Agriculture Preservation,1,1,9a7014f2-cb4a-4cfa-90d2-16cdf7b8ea5f,0.000453034381101,0.142888124070353
16,Agriculture Preservation,1,1,941272b7-8799-4abf-819d-7495d5843772,0.001391260053348,0.260594427158286
17,Agriculture Preservation,1,1,03aa7e5c-1d7c-4399-828e-10f14d5f450d,0.060850938802651,2.08271338038863
18,Interchange,1,1,6a9c493e-31c9-4953-8db6-8369e815de87,0.000311033391995,0.082448255648074
19,Interchange,1,1,3677f8eb-c054-4084-ac37-acffb60c188a,0.000154140024715,0.051844095373626
20,Interchange,1,1,d4f055d8-5522-439d-a209-8292b080035e,0.00011964731566,0.058280251005939
21,Interchange,1,1,f10ed4cb-8319-46b8-9d2d-67697550d2e3,5.259322155e-05,0.043621235385692
22,Rural,1,1,ab4a541a-a69e-4cff-b5e8-7f3334383a84,0.00038228479107,0.080518070741734
23,Rural,1,1,4607c164-dc86-4fad-9b1c-c886bb46ec6e,3.164902916e-06,0.0092908420227
24,Rural,1,1,14c87b94-b1ad-479f-a5af-eb840c16a8ea,1.45509762e-07,0.001926425747877
25,Rural,1,1,7e99bd76-fe5c-4057-917c-ee3342fe49a7,0.000280796954458,0.099509616105787
26,Rural,1,1,d1caefeb-f127-4eb9-963c-c719803c22c8,0.002155369213328,0.350449845844903
27,Rural,1,1,b67a2023-979c-49c3-a050-1712e04b9401,9.3119186583e-05,0.043539117424797
28,Rural,1,1,07ef199d-018e-47f4-b914-2da7e2e95c67,1.1532132273e-05,0.014287786538943
29,Rural,1,1,46fa712d-dad3-48f6-9cc5-c28cc642a083,3.0736560193e-05,0.022877061057559
30,Rural,1,1,20962fda-e70a-4919-ad81-a9d94480343f,0.000340498482778,0.137321425912827
31,Rural,1,1,74d19118-66b3-4bd2-88aa-ea1db4223efa,0.00014205678355,0.063006797726342
32,Rural,1,1,e2b85a0e-5b38-431c-89ac-b9ff3a63747d,0.00068668935859,0.19246663551257
33,Rural,1,1,9f612868-04cf-4fd6-b2c6-7cb3c1a3d30f,0.006011973945619,0.614035813812616
34,Rural,1,1,c5ad643f-6724-4e4d-bacd-02a7d32acdc3,8.7737612618e-05,0.040701588618512
35,Rural,1,1,d0a9f90a-0348-467b-b883-a4a225067f19,4.0295932996e-05,0.030149198622673
36,Rural,1,1,8628fb6b-ac64-45c9-9036-2631aab28508,0.00069653474335,0.125714781539419
37,Rural,1,1,5c354264-35b8-43c5-a453-2ab8c9bf24b4,0.001410440810385,0.378419688195425
38,Rural,1,1,02e40dd3-2433-42ae-932e-1646d677b1d5,2.4795503656e-05,0.024210372104602
39,Rural,1,1,d09946f8-2215-4969-9c3b-5246ef2697dd,4.1974823905e-05,0.030449004166577
40,Rural,1,1,612860ec-5ef1-43fb-a06d-49bd83e04e73,6.38879127e-05,0.041867104640188
41,Rural,1,1,b98dbe18-7044-422a-bc7a-95e5e2dcf65f,1.9525605615e-05,0.024350559090028
42,Rural,1,1,83604ee5-78ca-45d5-9eb2-1bb255412151,2.1191344722e-05,0.02532860116169
43,Rural,1,1,472ced15-aa6b-484a-976a-25ab9cb9fbc9,8.491632071e-06,0.012018151056666
44,Rural,1,1,0f4f1f1b-08a9-4a1f-814d-04b55f1f853a,1.4991589104e-05,0.018243681244689
45,Urban,1,1,3948a026-1b9d-48f7-9ea1-c33ffd1c47e4,0.000794711912029,0.177449062675604
46,Urban,1,1,cf831b81-bbf5-4aef-be76-79fcf50746a4,0.000140668487157,0.079754349034405
47,Urban,1,1,a91986be-0630-409b-808a-b9475a6a18d4,3.06206e-10,9.4181839867e-05
48,Urban,1,1,e953f435-02d5-45f4-8a57-08ab3d6248a9,0.000141733535732,0.06505964698407
49,Urban,1,1,1dc5a9c3-5389-4d31-8120-b769838c51f9,1.3878189371e-05,0.029723752393501
50,Urban,1,1,cee4f1f7-fde3-4733-b950-d65305381fc4,0.00019255647779,0.081757428239661
51,Urban,1,1,eeb8ac18-f893-4c8f-8ae4-a8f4980ef32f,1.1896450141e-05,0.025156709346189
52,Urban,1,1,afa51938-6d4d-4062-8292-78dff1016c88,8.2960407447e-05,0.053450214543688
53,Urban,1,1,59f0e290-9455-4ec9-8eeb-56745e5c111a,9.861498244e-06,0.013907084998533
54,Urban,1,1,fa9cee1c-d7f4-4ef5-b27d-0ee490a46e6d,6.0229594304e-05,0.054690635851529
55,Urban,1,1,ee5757e3-bb30-448a-9846-5a7d428bba4c,0.000694541249904,0.152255458080008
56,Urban,1,1,dedf6440-12e0-4055-82d5-86f37c0de492,1.842596208e-06,0.007207714705513
57,Urban,1,1,0c7ab734-96d1-4d4e-b445-491678c4d4f5,4.30151678e-06,0.00853044724393
58,Urban,1,1,4824ce4f-0561-4ad1-b611-c60e5c2f4de8,7.26537771e-07,0.003829277963689
59,Urban,1,1,5b0084c5-2d22-433f-8cfa-8bd14ae68ac4,0.000175114553306,0.096989248768665
60,Urban,1,1,743f008a-81fe-42ce-9a9e-acbda5d6467a,2.1697778107e-05,0.025568237195539
61,Urban,1,1,c1e2902e-3f8c-4ed8-b888-01272fcad790,1.0969601044e-05,0.022301435601077
62,Urban,1,1,4a686908-cc52-4db7-86ef-a0acb54cb2d5,2.041128022e-06,0.006533518270555
63,Urban,1,1,33e44252-a8e9-4185-8c41-7e140cb8b84e,2.62145117e-07,0.002051423367437
64,Urban,1,1,9cc632a9-bf44-4fad-92ec-a6d8a5d28035,0.001289133024375,0.466691569580977
65,Urban,1,1,9d42b908-1eec-4464-be94-176dd7121bb1,7.96059101e-07,0.003953167857979
66,Urban,1,1,89cb4c31-3976-40c9-8b5f-85ee3b731035,1.745246988e-06,0.005305908276679
67,Urban,1,1,844a422d-457d-47da-98df-7b4b3f140052,4.244188259e-06,0.011114593570176
68,Urban,1,1,bac96beb-93d1-43ce-a566-8a3786369f71,0.000404898020612,0.176890038642412
69,Urban,1,1,ad6ad68d-c4e8-4b56-b8b9-1530c98090ea,0.000182432832462,0.078512015537648
70,Urban,1,1,5d8f0601-7a4e-49db-bf00-c093d7893660,1.425372323e-06,0.010947997709785
71,Urban,1,1,7c76b298-11b0-4778-a680-9fa6cdd832d8,9.7517969655e-05,0.067184551935158
72,Urban,1,1,848f6d14-a9db-4ce3-aedf-cec0a99134da,3.0296875568e-05,0.023233496418696
73,Urban,1,1,530eede7-3f52-40d6-bc41-0a31707cd40d,0.000420191860056,0.109891906436591
74,Urban,1,1,d5466b2b-240e-4341-ba36-3cabede44f2d,6.558144e-09,0.000348731309157
75,Urban,1,1,97eb2780-f948-4b78-8375-81289e9da5e3,6.674190642e-06,0.011814768179856
76,Urban,1,1,f6609afb-bd3e-4f8d-8a99-297b159f83c3,6.6818335945e-05,0.040632842746161
77,Urban Municipal Limits,1,1,dd2c4a24-e95c-4021-a65a-1e1ed6de291f,4.5962972098e-05,0.037454601567365
78,Urban Municipal Limits,1,1,6e47cd42-c733-4166-93cc-44e8ce7668de,1.676948923e-06,0.005265011774344
79,Urban Municipal Limits,1,1,4653660a-8c73-4820-b91a-2ec4c9f2cf09,0.000160324465696,0.077675467947562
80,Urban Municipal Limits,1,1,e2bbca3f-c49a-43dd-a42f-fe96ec55ffce,0.016394612678992,1.89918859875648
81,Urban Municipal Limits,1,1,a47c9020-0fb7-4c60-ac80-ba788beb56dc,0.001553176978601,0.410145553669048
82,Village,1,1,8506e054-d1ba-4cab-8c96-5b2e3d972599,0.000147204495111,0.114742278127614
83,Village,1,1,d2887c93-5d13-4ccf-a7e2-26baf2f0df07,2.5624447667e-05,0.029758038999938
84,Village,1,1,24bb87d5-66df-4336-9a18-48d789de7b1d,0.000216599792459,0.074884249598052
85,Village,1,1,7c663b31-eb80-4f64-87ea-03ec7b565e25,6.6763118e-06,0.013092229224889
86,Village,1,1,b60e600f-78a4-4bd4-b31b-2daebd18c5da,8.5983143297e-05,0.053965285353399
87,Village,1,1,a10e6e7d-ce06-4c3a-b1cb-9e8ae4db2a6a,2.9484800742e-05,0.022073142163333
88,Village,1,1,076ced68-9cc4-40b7-bd72-0c7b15d5a77d,6.99187019e-07,0.003481838199564
89,Village,1,1,be5aa6a0-56db-4e8f-953c-81afce9bfc44,5.0674608601e-05,0.039857904943902
90,Village,1,1,8a71e7ff-196e-4726-b5e4-d90d3df61f3b,3.5799747086e-05,0.037408093426089
91,Village,1,1,018590ff-7861-4dc1-bf27-12f83d9c2789,7.445788213e-06,0.018787237159956
92,Village,1,1,3d37726a-6045-43f4-8c28-852f4a59209b,3.472215169e-06,0.008720195504566
93,Village,1,1,549c8295-0ae1-42c6-b117-38e8e678c433,3.5756983702e-05,0.052453858480406
94,Village,1,1,0145e372-674a-41b0-9aa6-ccce2f64b9fd,2.3305601e-08,0.003310547964864
95,Village,1,1,b2e1964a-9424-4ae2-85cb-e94065662595,0.00019926432509,0.112260712426321
96,Village,1,1,0fdc73a2-3b26-4cab-bc79-f1e7ae1c2c79,0.000898342874438,0.214053183740643
97,Village,1,1,2e92a2da-7873-4c0c-815a-6de924a4771e,7.8445946655e-05,0.040796497377207
98,Village,1,1,84a323e0-f2ae-4d9e-aae8-cf9148c73e88,2.467678e-09,0.00088634215107
99,Village,1,1,0cbdd467-4bf5-4f6f-a438-d62e6193c7ba,1.8772188271e-05,0.027279150263464
100,Village,1,1,7b31bff1-05c8-44a6-8858-63051fabbaf7,0.000202296217866,0.069398421691497
101,Village,1,1,1ef36d51-8d98-4277-9255-f4fe45c33420,0.000180753592104,0.109524898612075
102,Village Municipal Limits,1,1,802c2503-1c24-4fdc-92b0-235c4b91699d,0.000371283068399,0.087642939693243
103,Village Municipal Limits,1,1,5e6bccf8-4bb1-45e4-903f-f2dfefc8a751,0.000247361982402,0.093742477383711
104,Village Municipal Limits,1,1,7cbf8344-f70a-4bc7-a399-71387284e959,0.000242585432563,0.167747267479481
105,Village Municipal Limits,1,1,3e770e1e-cf2d-44e5-9176-c0f2958df593,4.5334904058e-05,0.031928993502045
106,Village Municipal Limits,1,1,4f0c3218-b333-45a7-96df-2e1681fb43a4,0.000131600793986,0.064305606642939
107,Village Municipal Limits,1,1,9ca257f6-402e-429a-97d5-3db6f440dd3e,0.000524860845462,0.220001566343823
108,Village Municipal Limits,1,1,b173acfb-dbf0-401e-94ff-7dc705c9ea6b,8.4223822711e-05,0.042663573949329
109,Village Municipal Limits,1,1,f16e5f1e-92b3-484f-af2b-e66c8ab52440,0.000438807141383,0.116558731513727
110,Village Municipal Limits,1,1,393f846e-e811-4500-98ea-25206915ab8f,0.000205988814138,0.124579692454405
111,Village Municipal Limits,1,1,8748f3ac-ee66-4b50-bd67-d7738a09413d,0.000141114978535,0.077105118270377
112,Village Municipal Limits,1,1,83862b30-494c-41d5-a70d-9344195e9846,0.000461585426959,0.141300215938582
577,Unincorporated Center,1,1,75fb8fbf-59ae-4bc6-867e-f50fbf44b3a8,2.5100595985e-05,0.054689334027979
578,Unincorporated Center,1,1,b86c4f08-959f-425c-b065-2409fe51c519,7.872301688e-06,0.022786453988347
579,Unincorporated Center,1,1,7a5c7d94-69a1-4c3d-a433-e24274c2bec2,0.000211347104323,0.089566675535278
580,Unincorporated Center,1,1,c8dc0b57-7690-44c7-bd0d-338968d0462c,7.73895e-08,0.004342732263365
581,Unincorporated Center,1,1,e115f30d-5283-4e5e-b1ca-85f1fa239837,1.369391191e-06,0.005092541247484
582,Unincorporated Center,1,1,a49ef274-1596-4d78-8230-16cb5791e963,6.91710366e-06,0.012889847287795
583,Unincorporated Center,1,1,fe347b9f-d2b2-45f4-8afa-ade73da2dec0,1.6809619705e-05,0.02132947332208
584,Unincorporated Center,1,1,c34dc44c-05eb-473c-b541-331e851b8d79,2.0465964346e-05,0.01973353109442
585,Unincorporated Center,1,1,88f0c1be-e404-4254-b073-ce2948526af0,7.701530865e-05,0.041055533073598
586,Unincorporated Center,1,1,37aeaf50-55ed-4469-8c7a-e3a3b979a9b3,4.7194397667e-05,0.029630195618675
587,Unincorporated Center,1,1,0e195dd8-18f5-4adc-b6c9-e83049c103d0,4.4267941088e-05,0.029469073533817
588,Unincorporated Center,1,1,d42d3c87-2ccd-4eb7-900e-cf38fee04a4d,8.62350305e-06,0.011753123276047
589,Unincorporated Center,1,1,014eb068-d00f-4944-bd85-b68ec8b8bcbf,4.0883107454e-05,0.028156627643551
590,Unincorporated Center,1,1,a9bc363f-a65c-4760-9f52-9287519fb9fb,0.000216217926115,0.077224917145763
591,Unincorporated Center,1,1,d55894c0-1079-4e53-86bc-d5a06adce6ba,3.9787794773e-05,0.029626178780006
592,Unincorporated Center,1,1,9b0471b0-5c89-4210-8469-c178e5e6797a,2.8493199295e-05,0.027141651471366
593,Unincorporated Center,1,1,cd5dc85d-0abe-4f49-9c6d-af451cf33e77,4.53624662e-06,0.008982410525248
594,Unincorporated Center,1,1,7b0f54c7-3a95-4491-a101-0560e9cdf8d0,6.5753512007e-05,0.040471165227755
595,Environmental Corridors,1,1,9105efd0-deca-4885-83d0-d581c5aced2d,4.453117713e-06,0.014067111704522
596,Environmental Corridors,1,1,9dba98b7-75bb-4d6d-86f4-312bde0b4da2,8.626770936e-06,0.018851685014443
597,Environmental Corridors,1,1,7c716fcd-a31a-4714-b1d7-f6f516cbb021,2.171127573e-06,0.006427457097395
598,Environmental Corridors,1,1,dd99e48d-13f3-45a9-9cd8-f68468391e3a,3.366364318e-06,0.00918382717034
599,Environmental Corridors,1,1,a9a536a6-285f-4bdf-9400-17444d3c3687,2.092924685e-06,0.008803110335726
600,Environmental Corridors,1,1,09bac2c2-2e8a-4b30-8230-bad742ae8950,1.956615833e-06,0.008188433673408
601,Environmental Corridors,1,1,f40793d1-9731-4ee1-9a27-c563053e848e,1.200192182e-05,0.0235628772413
602,Environmental Corridors,1,1,81e7deea-56e1-4bd2-ab4e-c9f03862e1c5,2.62489909e-06,0.008454300226101
603,Environmental Corridors,1,1,e779fa6d-1ddc-40aa-8bdc-75f26d957049,2.2088027061e-05,0.033689199009169
604,Environmental Corridors,1,1,5e274c14-0653-4f69-bccd-840a31a7b701,1.0633578e-07,0.002615106871563
605,Environmental Corridors,1,1,c00e0f78-b9d6-4eaf-adc8-6b13b7039970,2.185231111e-06,0.007330983351204
606,Environmental Corridors,1,1,ff85aef9-c23a-42b2-b3ae-6722b6b13137,5.4183823851e-05,0.097519564578653
607,Environmental Corridors,1,1,8ac09cb9-d803-4b26-bc72-88224fbcc501,5.551904928e-06,0.015470724243683
608,Environmental Corridors,1,1,affe20e4-e773-4f74-9cb6-459904c7dd5a,6.02795465e-06,0.020919740241722
609,Environmental Corridors,1,1,508d942c-9474-483a-b04b-1d4db447c27c,3.7710598e-08,0.001028303766189
610,Environmental Corridors,1,1,260fe239-1524-4351-baa4-c7e21f5baed8,1.89130537e-07,0.001817384537334
611,Environmental Corridors,1,1,b298c45e-d4c7-4b85-9447-33abdbb1da2c,3.986822498e-06,0.017725374384402
612,Environmental Corridors,1,1,1369ac19-87db-43ac-8b1a-3f8edda7639e,2.591731523e-06,0.008903984809404
613,Environmental Corridors,1,1,da247fa8-ac2d-40f4-9607-8658f521f0bc,5.797273975e-06,0.017699221806458
614,Environmental Corridors,1,1,55027dcb-44f4-478f-a133-e902f335514b,0.000165869779499,0.257696851190592
615,Environmental Corridors,1,1,b83efa0c-ad5d-46d2-b491-db72183e34dd,2.221725058e-06,0.008415518238835
616,Environmental Corridors,1,1,6d054f46-0133-421c-8716-308a98250f99,4.735632254e-06,0.012071419084591
617,Environmental Corridors,1,1,2d411b6d-3bcc-40e0-b02a-b7d641d4f1e0,1.80694186e-06,0.005857789123718
618,Environmental Corridors,1,1,15bdb426-4941-46bb-8b7e-fe3702c573d3,9.153991094e-06,0.020974180861986
619,Environmental Corridors,1,1,c702152c-bf74-4a09-89cd-5d0725485df0,4.1754663902e-05,0.060671232521962
620,Environmental Corridors,1,1,dd00c560-51f6-4d31-a4a2-305b46486a86,4.48700512e-06,0.011969160053023
621,Environmental Corridors,1,1,33e3578d-82af-4426-9f1a-eb999ea588fd,2.017588363e-06,0.006322157283744
622,Environmental Corridors,1,1,567e7664-b138-4763-a79a-d1dcc32e5a22,2.510850012e-06,0.009239892255322
623,Environmental Corridors,1,1,9570fae4-b1b0-41fb-b775-c48e396e2c71,6.080834146e-06,0.018550696527701
624,Environmental Corridors,1,1,d1391105-41ff-4946-a2c3-bf4e35ce2094,8.573516044e-06,0.01572601320905
625,Environmental Corridors,1,1,4a315b18-2715-424a-9413-4e3bc37fce4d,1.951620751e-06,0.008744889827478
626,Environmental Corridors,1,1,f029f53a-12d1-4303-a91b-cf657d0bfa29,5.220897491e-06,0.014011507871944
627,Environmental Corridors,1,1,ed5d6b40-94c9-4d7b-b642-8df031d56cba,3.047737e-09,0.000270526959963
628,Environmental Corridors,1,1,8c3f591b-6fde-45b2-9c15-67e2962fdc53,3.1729465e-07,0.002703174675082
629,Environmental Corridors,1,1,61008065-1aab-451f-a887-0f7915835cd0,2.528472328e-06,0.008269614372776
630,Environmental Corridors,1,1,af398331-e3a5-4a74-9cde-55981f2c2671,2.146767612e-06,0.008647234327761
631,Environmental Corridors,1,1,8f3232c6-3ce2-48d2-8c90-e0b58adbfd7e,5.8637564e-08,0.001518392582893
632,Environmental Corridors,1,1,5d698d06-6283-463a-8298-2d83e3f5d885,1.66328399e-07,0.001902162935317
633,Environmental Corridors,1,1,18d0cf88-4f03-4e46-9493-c35fe747e851,3.303233e-09,0.000503856362675
634,Environmental Corridors,1,1,3b317887-7d69-4d3a-8244-54013b7444fb,3.014451144e-06,0.008898927651362
635,Environmental Corridors,1,1,3edd1c0c-8ce0-4371-af86-c2031ef55332,2.572854697e-06,0.010652424201004
636,Environmental Corridors,1,1,8218c28e-92d6-4b95-a608-53a90ea156bb,1.365751624e-06,0.006723339536826
637,Environmental Corridors,1,1,332061bb-b231-4b68-8686-7072283f0499,1.317953803e-06,0.006554409146589
638,Environmental Corridors,1,1,b553fd25-21eb-4c71-bbbf-742b81498991,2.038302141e-06,0.010272908020472
639,Environmental Corridors,1,1,9fce7f2a-9470-4be3-bda3-9b6cbf168d65,3.86539663e-07,0.002884884698514
640,Environmental Corridors,1,1,ec657c11-48a6-42ce-b12a-f58b5576e634,1.320707165e-05,0.03934039846295
641,Environmental Corridors,1,1,cb11a0ee-cef8-4825-a564-d56c93cfe918,3.68211e-09,0.000374930308669
642,Environmental Corridors,1,1,b3366712-6155-46d9-8792-759bcf379fc9,1.1724377065e-05,0.019848354059636
643,Environmental Corridors,1,1,64ad8060-f349-45fc-a739-007648b33a6a,4.4752492363e-05,0.069621490068239
644,Environmental Corridors,1,1,46e6e94d-35a6-4459-9a38-fc22c4c2e269,3.486389046e-06,0.01301633480755
645,Environmental Corridors,1,1,2e304869-5b11-450f-bc2f-1dfb701dacb1,2.653232654e-06,0.009125602064063
646,Environmental Corridors,1,1,b3bb068e-af02-4238-b50f-dbeb8b9b2ab7,1.5046453849e-05,0.022052352915087
647,Environmental Corridors,1,1,c910cd58-8f39-4314-8398-38144a02f951,8.65989435e-07,0.005779868221911
648,Environmental Corridors,1,1,d8bedd43-d0c6-49e2-b587-41725cca12b9,2.884833663e-06,0.010285526688291
649,Environmental Corridors,1,1,25079035-a65f-42e3-9eef-003769fe4dc5,2.7748662e-08,0.001063809746963
650,Environmental Corridors,1,1,7f782a8b-078c-402d-b2ad-290626ffca7e,6.329154148e-06,0.014555372224795
651,Environmental Corridors,1,1,9ddf8ec8-7055-4709-8a17-52ad0dac1144,1.52269779e-07,0.002103264785952
652,Environmental Corridors,1,1,2e8001fa-f6bc-4d0c-ab9b-2e4b24020cff,1.2228318495e-05,0.028155316841666
653,Environmental Corridors,1,1,dfee62ed-6ac4-4368-8a64-7f86ffbc3349,8.15080726e-07,0.004566991318175
654,Environmental Corridors,1,1,d6d53b9c-c6ba-44fa-9eec-99d754bb94a2,8.109185754e-06,0.012574649899941
655,Environmental Corridors,1,1,9047823d-4093-4a7f-aa24-1e65313c4dbf,1.879117883e-06,0.006579509266177
656,Environmental Corridors,1,1,23f65dbb-8f73-46a8-9849-54109fa3a450,1.3917757447e-05,0.027429566843687
657,Environmental Corridors,1,1,25b018f0-8974-4c73-afb2-a6fb84ea1384,1.079378439e-05,0.02474587161297
658,Environmental Corridors,1,1,6440d8a4-499a-4ab6-8f87-271bb566ba16,7.571110934e-06,0.016591272929986
659,Environmental Corridors,1,1,7099f12c-dfc5-4b97-830e-83e51a2c5564,1.852898307e-06,0.006581724236818
660,Environmental Corridors,1,1,efb5b8b9-3c04-4e84-b311-d7def4f69b26,3.1057020828e-05,0.054738251423833
661,Environmental Corridors,1,1,4252ffb0-737f-43c8-afc4-3152c96d2949,7.8487920271e-05,0.103521818234205
662,Environmental Corridors,1,1,505ecac9-0107-449a-a8c5-75c670b12f70,2.401900032e-06,0.006957306484313
663,Environmental Corridors,1,1,d2f40a69-d019-43ab-8e32-0b4a7fc10402,3.57081896e-07,0.002912536785492
664,Environmental Corridors,1,1,434b389f-534c-40e6-adef-cf7b8e848f29,7.18642724e-07,0.004591383375643
665,Environmental Corridors,1,1,d87e335d-1e0a-4256-b2db-b92bb97f09c4,2.3682593945e-05,0.049238617861851
666,Environmental Corridors,1,1,ee039812-a344-48b2-957c-9a22406c7f78,2.213694933e-06,0.006970411823564
667,Environmental Corridors,1,1,3a2cce46-e695-4a06-bf18-e911625b841a,5.921510928e-06,0.023496523528795
668,Environmental Corridors,1,1,8c40b177-011d-4711-b76f-69d59d5c3605,0.002748250691628,0.765360175610254
669,Environmental Corridors,1,1,596d899e-f977-4238-b2bb-beae928e9f56,6.16751045e-06,0.018368821301338
670,Environmental Corridors,1,1,3bfe142f-9908-4efe-b752-1e7fcab140eb,7.8847958e-08,0.001433939339843
671,Environmental Corridors,1,1,35eaf8e8-271c-42cd-b937-547ede358f99,9.1894726e-08,0.00139704173057
672,Environmental Corridors,1,1,2581ea15-75d0-4fe7-886f-369ff02d6bc7,5.372467875e-06,0.016319496283463
673,Environmental Corridors,1,1,6ce1f776-b029-48f4-ac7e-3f325a1e44dd,4.7555578e-08,0.001152428660382
674,Environmental Corridors,1,1,91ef9f2d-13b0-4e6e-b067-a54a80b286de,1.514981128e-06,0.005259524342718
675,Environmental Corridors,1,1,5ef44254-f90c-4e56-9058-4ac86d3d828b,2.101525541e-06,0.007381531668403
676,Environmental Corridors,1,1,62692d14-a400-453f-a3a0-4a72bf7210aa,2.067054921e-06,0.007092428901003
677,Environmental Corridors,1,1,f79a0c54-97f6-498e-a0fb-1c55c14aec8b,2.096734624e-06,0.011059624218362
678,Environmental Corridors,1,1,6af0c3db-a44f-4771-9af6-de34e47c0168,3.7681822365e-05,0.084357215912259
679,Environmental Corridors,1,1,adc5e6be-bb95-4a82-bd67-6e89d5e4f714,1.87443956e-06,0.009432280697824
680,Environmental Corridors,1,1,3bd78c8a-1112-4240-8d9e-cc879543655c,1.330324e-07,0.002301736268076
681,Environmental Corridors,1,1,9fb76e77-5199-4dad-a8e3-1557dbe947b1,5.934606292e-06,0.014872366735531
682,Environmental Corridors,1,1,aae62c3e-5b98-475e-a8f2-126ef0b630d1,3.0152636e-08,0.00147728152602
683,Environmental Corridors,1,1,f8c8dc11-aa48-48ed-b3cf-57c4e7420c83,2.76614077e-07,0.002959020547213
684,Environmental Corridors,1,1,79abac77-a911-45a4-8130-9acaab3ad6dd,7.613602813e-06,0.019932292551685
685,Environmental Corridors,1,1,b9597c62-9fc4-46d1-97cc-3bb97accf9e4,4.52260945e-07,0.003177796346319
686,Environmental Corridors,1,1,5b65c616-df1c-4fcf-b056-b37a60093176,2.175802015e-06,0.007918799796981
687,Environmental Corridors,1,1,02c3e08c-055a-4cea-818c-7f47e4c66af7,4.63230677e-07,0.005052994846794
688,Environmental Corridors,1,1,5a9e1a6f-0675-4cee-a567-6469bbdb72f2,1.4722837392e-05,0.044582301529339
689,Environmental Corridors,1,1,cdf0673f-ad11-41e2-b46d-c4592d75e57f,3.218089855e-06,0.014163287140185
690,Environmental Corridors,1,1,af5622f9-0909-4d97-96ad-f25749e87452,5.085465674e-06,0.01212033714885
691,Environmental Corridors,1,1,9417caf1-0868-4956-951c-b63553305cd2,2.4787169685e-05,0.050933973547738
692,Environmental Corridors,1,1,9762e7a2-0f9d-4dfa-a372-2f8f179c5266,3.579894539e-06,0.012458608245822
693,Environmental Corridors,1,1,65be8793-9a01-400d-b9a2-eefe69c4680e,3.799743036e-06,0.012848512177044
694,Environmental Corridors,1,1,eb7dd090-2f9b-4ed4-977f-eebbddebd872,1.9865564e-06,0.007915590110684
695,Environmental Corridors,1,1,d3be3b21-33e4-479c-8b27-6737dfa306c9,7.745531596e-06,0.020581944502728
696,Environmental Corridors,1,1,66ee5b07-2a54-4205-a03a-de50a931706b,2.437598381e-06,0.00978719839039
697,Environmental Corridors,1,1,d86d9e52-13ac-4b16-abd8-97403d3f36f1,1.6345558029e-05,0.031457546388068
698,Environmental Corridors,1,1,39418ac6-2557-475d-a2fa-a9bc163e9cd3,1.800566044e-06,0.007362222886049
699,Environmental Corridors,1,1,c2472f7a-1872-499d-ae51-3f4e0354de91,2.829128666e-06,0.008543242676228
700,Environmental Corridors,1,1,09a2e742-d9d1-4539-a8c8-6aed2dcfbc78,2.079774221e-06,0.010484972632015
701,Environmental Corridors,1,1,15e0391e-97e7-44a2-a0d6-a14c51a9c263,3.967922895e-06,0.014650391162503
702,Environmental Corridors,1,1,7210ea04-1cad-42a7-8cfb-0696084749d9,2.8287763908e-05,0.063195807029095
703,Environmental Corridors,1,1,9c8834ab-6187-4659-bda6-08ba721658f0,2.378772417e-06,0.006781845447384
704,Environmental Corridors,1,1,b391e60b-e0df-4634-8d76-f26d84631d9c,2.122523889e-06,0.007590564889541
705,Environmental Corridors,1,1,2efa731e-448c-4b4b-a0bd-d16b37ba2812,2.15114773e-06,0.006572846399302
706,Environmental Corridors,1,1,276c73af-0715-4a31-8bba-9d1d3658dd05,7.823569038e-06,0.01733186785749
707,Environmental Corridors,1,1,ebcb3b3a-9223-4abb-b736-2159eb8202ca,8.54734289e-06,0.019287244614147
708,Environmental Corridors,1,1,2b4d77ee-a31e-470d-8415-26551aadec4d,1.0973285876e-05,0.022304747769194
709,Environmental Corridors,1,1,d14670f6-be89-4598-856b-e5d515da8a6b,3.294440855e-06,0.011868415450833
710,Environmental Corridors,1,1,aa6493e6-6fc4-43bc-85b6-1fddc8d402c4,1.9581944926e-05,0.023560357391829
711,Environmental Corridors,1,1,f2ba4cdb-2914-49ca-bc02-4bf539dab454,9.476007e-09,0.000685053060282
712,Environmental Corridors,1,1,46cacbcc-5fb6-45a8-a6b3-551644b0add6,7.198848e-09,0.000619504593888
713,Environmental Corridors,1,1,d48f99ec-6b7d-4d7a-b63f-28ac3a5a22b6,3.631620894e-06,0.011688932367665
714,Environmental Corridors,1,1,f3ee16cf-a6df-4902-b9db-4a7b5bce46b4,5.784017488e-06,0.020974400356929
715,Environmental Corridors,1,1,e150fa1c-7f2d-491e-9e7a-6ebb59e2f519,2.852566496e-06,0.008779149757542
716,Environmental Corridors,1,1,d11004f7-3b48-4302-9a85-91a189b581d6,2.396124671e-06,0.007104045584812
717,Environmental Corridors,1,1,a8b6c3e0-5243-4e3c-9fa6-247c5a3eaa47,2.5924045535e-05,0.049810790068195
718,Environmental Corridors,1,1,0e29bd8a-afb7-44d9-8330-50b3a6062814,2.058842655e-06,0.007272716262907
719,Environmental Corridors,1,1,303d4118-f7fb-4007-a5ac-16c3c60a0407,2.577530945e-06,0.01037495411107
720,Environmental Corridors,1,1,1764ca5e-55f4-4e03-bb10-a40c60bed61d,1.702615884e-06,0.006789877116056
721,Environmental Corridors,1,1,8b7a6582-f3fe-4546-85e4-b3ed30dcd3d5,5.20256613e-07,0.003581190612614
722,Environmental Corridors,1,1,f8074f62-9c98-4b5f-92da-0180f0def818,2.278432378e-06,0.008872821213022
723,Environmental Corridors,1,1,64a1aafb-9b20-4340-ba2f-14561eea2a82,2.711248563e-06,0.008299716151777
724,Environmental Corridors,1,1,c7b8454f-0013-40e8-8bd1-460918a34b93,2.403983927e-06,0.008739248507933
725,Environmental Corridors,1,1,eb1cd363-2d97-423f-888a-29e838d63dd6,1.0774161673e-05,0.029160076152234
726,Environmental Corridors,1,1,8f0df57b-9343-4e16-9e54-6b91b22c00a0,3.266057506e-06,0.009582922542382
727,Environmental Corridors,1,1,f4c72098-add7-4d7e-936f-29eece5b8f02,1.3006013547e-05,0.031837765732303
728,Environmental Corridors,1,1,126b3d7d-6aad-4774-8a43-bd74d6ffb4b9,3.579865393e-06,0.008812294045284
729,Environmental Corridors,1,1,f000b87e-63a6-41cd-a3a3-02412a4ba3b1,2.390069144e-06,0.009650664871302
730,Environmental Corridors,1,1,162aee26-b28b-4f12-b5a2-942b41235bca,2.1271754526e-05,0.039756934274496
731,Environmental Corridors,1,1,2ba6d304-f255-422d-bc78-efb3bac306c6,2.01060619e-06,0.007390297957485
732,Environmental Corridors,1,1,4a0e74a7-a7e7-48b6-af7a-7eb0dba80f54,2.713621116e-06,0.010374918292938
733,Environmental Corridors,1,1,f6dfbfbf-1951-47d1-a607-c24fbbcc14a7,1.5617855812e-05,0.028947952091636
734,Environmental Corridors,1,1,312dbbad-f096-430d-b7f3-34fc0d7e25b2,8.813833522e-06,0.017329141746278
735,Environmental Corridors,1,1,5c144d3b-3b23-45b6-a5e4-0905ffd8c9b7,3.692351876e-06,0.010469522127453
736,Environmental Corridors,1,1,39cf2635-4d6e-411b-8e24-c0747dbcc982,4.857948615e-06,0.017867825819322
737,Environmental Corridors,1,1,4fbddfbc-f36c-42c8-ad8a-97a336639853,2.531696808e-06,0.009700693243878
738,Environmental Corridors,1,1,38fd7885-275b-43d2-b349-c353ed927723,2.054840091e-06,0.006001801938064
739,Environmental Corridors,1,1,55784665-874e-4eb6-a778-09b681e1dff9,2.374090568e-06,0.00721701041132
740,Environmental Corridors,1,1,1639c57f-ad3e-472a-a2af-62ff5bdf6ce6,2.256557552e-06,0.009675868448336
741,Environmental Corridors,1,1,f4c91952-c9d8-45ed-b658-bdd15432a7c7,2.784611041e-06,0.013891189881048
742,Environmental Corridors,1,1,2db9bc1a-7e52-41a0-a298-e8bfbee173d9,2.9687578946e-05,0.037175790209271
743,Environmental Corridors,1,1,85b1b6ce-9589-49f3-b6bf-1211ae0cfb0b,5.463525975e-06,0.015495362785467
744,Environmental Corridors,1,1,b32c87e6-b280-4cd4-adb9-af8f306b6bae,3.00618609e-07,0.002992397142659
745,Environmental Corridors,1,1,942a26a4-526c-4878-bd40-82aff1a960bb,0.001636727582549,2.03955106142767
746,Environmental Corridors,1,1,d068950d-7445-4ec8-b4e7-b752e77ae739,6.134339601e-06,0.028321856522576
747,Environmental Corridors,1,1,caee21a9-755e-437a-af26-a46a24a4f062,8.440569968e-06,0.024283333327063
748,Environmental Corridors,1,1,cdb28b88-7174-496e-82b2-5756b6c05cdc,2.075006916e-06,0.010534564238841
749,Environmental Corridors,1,1,4c2f866b-14be-4f7a-87f7-3b06e87eec02,1.8022153958e-05,0.037145227669519
750,Environmental Corridors,1,1,8d6cd622-ef28-4fdb-94a8-b51887c230a6,7.650520631e-06,0.022115808775538
751,Environmental Corridors,1,1,dbc97d12-fc21-4478-84ea-eac6b46f11de,6.133732839e-06,0.014016634297236
752,Environmental Corridors,1,1,070e0a0c-7e5b-45f4-bce1-2b8df0a39260,2.062354083e-06,0.006485031256294
753,Environmental Corridors,1,1,573d67f6-9516-4e09-a4a0-40027fd49098,6.144124e-09,0.000864395918628
754,Environmental Corridors,1,1,3ab0df9b-929e-41a4-94dd-2a2e77baf1eb,1.98828474e-07,0.002774347061823
755,Environmental Corridors,1,1,2d55c717-7ad5-47dc-8159-726bb6ee787d,1.48146264e-07,0.004553592439686
756,Environmental Corridors,1,1,6f8715f7-c905-4f42-9229-e63e0c33f789,2.83011702e-07,0.002405736458628
757,Environmental Corridors,1,1,ab199a16-25fb-4649-8509-5d4c152da98f,2.879875465e-06,0.010130835673374
758,Environmental Corridors,1,1,2c917b5c-d26f-4123-ac82-4774c1ff2d84,2.0252050974e-05,0.042610159297927
759,Environmental Corridors,1,1,ae5e24e4-2934-474c-9c12-7917a95c9450,1.0536047697e-05,0.028541822504861
760,Environmental Corridors,1,1,899d6eca-0d57-449c-94bf-32c5950631b9,1.79794351e-06,0.008536804689516
761,Environmental Corridors,1,1,0a46428a-d089-432e-ae7a-41ecd34ecd47,1.9993142581e-05,0.030909322801191
762,Environmental Corridors,1,1,98f3cd4e-0c92-4f54-ac29-b535b66b4a8a,4.808443762e-06,0.017511692484856
763,Environmental Corridors,1,1,01da9408-d333-4a94-a22f-80349c21d0a7,2.9097598383e-05,0.053567768033887
764,Environmental Corridors,1,1,8bf5fffb-32c9-491d-aace-eb2aa8d8aa45,3.115089537e-06,0.007690434271731
765,Environmental Corridors,1,1,6413f1f7-7c4f-460b-969a-3de3190b10a1,1.80356303e-06,0.007141170849614
766,Environmental Corridors,1,1,c1f138ee-c027-4141-b96a-cccfd5d3b284,8.628551055e-06,0.02663274691117
767,Environmental Corridors,1,1,679b68b1-9a42-4bad-b556-5a229f179b0f,1.180579785e-06,0.004461711979756
768,Environmental Corridors,1,1,532e67f2-9dfa-4372-b717-ee319c18756b,1.8397408193e-05,0.041215543243392
769,Environmental Corridors,1,1,26338b5d-a401-46be-a637-80b1822c25b3,1.939214422e-06,0.008849414090281
770,Environmental Corridors,1,1,e77e6e58-fadb-4bd0-8ce8-f243bb06894d,3.177686167e-06,0.008776680116756
771,Environmental Corridors,1,1,774f6563-069e-418c-a962-2b787ff36a90,2.366319999e-06,0.00638140869557
772,Environmental Corridors,1,1,908c6f46-0fbf-4c67-9b89-46bee6fac97b,3.0484306351e-05,0.049014629638208
773,Environmental Corridors,1,1,00493469-96f3-4250-b8df-53508a97c23e,1.969346376e-06,0.00714008024026
774,Environmental Corridors,1,1,58308d50-e8b8-4c95-a7dd-097792717ddd,1.921980708e-06,0.009853548353905
775,Environmental Corridors,1,1,f3ebe820-6f69-4c62-8b9f-1bef0f8c726f,2.4850116351e-05,0.062493263785057
776,Environmental Corridors,1,1,4fcaa9fe-e1d5-4309-a427-51ba93d5bc69,1.8420658363e-05,0.039509130490497
777,Environmental Corridors,1,1,7609a43f-d67e-40f6-9ae0-1503cf291e1d,5.367636456e-06,0.013996514146053
778,Environmental Corridors,1,1,52257213-3666-49db-933e-29a06a9b7ea3,1.745246988e-06,0.005305908276679
779,Environmental Corridors,1,1,f1500713-8c01-4665-920f-0d54c8379482,5.03232466e-07,0.003129495234461
780,Environmental Corridors,1,1,35948c1c-5bd8-4808-a412-d5b3a2924523,4.068740931e-06,0.016407231241869
781,Environmental Corridors,1,1,0197fb8f-1594-4ba0-a061-33f3ed425eed,5.517547409e-06,0.012528083219057
782,Environmental Corridors,1,1,5f4e0955-4a02-4021-bccb-5910ae610929,2.042131712e-06,0.007608028034742
783,Environmental Corridors,1,1,90095541-dd20-41f0-9059-defeb9f00d59,2.771637805e-06,0.009048438220493
784,Environmental Corridors,1,1,8a66dfaf-145b-4179-b6c2-3b186afbc31a,2.094594873e-06,0.006784267527148
785,Environmental Corridors,1,1,ee4b228e-696c-448c-9485-61897708a6c1,2.171598183e-06,0.007583588536617
786,Environmental Corridors,1,1,d8967f01-8668-43a4-98c3-2fcc50b53a34,4.563448716e-06,0.014485556497391
787,Environmental Corridors,1,1,41affb5f-7a2f-45b0-8455-8e00a57beec8,4.620962409e-06,0.011848300302759
788,Environmental Corridors,1,1,dc55174e-699c-4b3f-bb43-6e5557be943a,2.360309427e-06,0.009717594609879
789,Environmental Corridors,1,1,03136aea-16da-49bf-a229-372d5777e586,2.078456442e-06,0.008375090156941
790,Environmental Corridors,1,1,1a34b518-f60b-49cb-b745-563d13ce3de7,2.067405491e-06,0.006763768171226
791,Environmental Corridors,1,1,1a8c16bf-94ab-443a-b1f2-076a38599b50,3.152752082e-06,0.010727836328471
792,Environmental Corridors,1,1,b46d1ca7-5468-4b3e-ba3c-759722ff093a,3.764794267e-06,0.012509764232674
793,Environmental Corridors,1,1,406a1f6c-b4ff-4ee9-a9c9-4875cee7566d,1.4246172299e-05,0.030302652552058
794,Environmental Corridors,1,1,9b3019b0-5296-4f31-b39d-fbf6d0d2fd07,3.257998406e-06,0.012528291030189
795,Environmental Corridors,1,1,c459f617-9cc1-4b72-86b6-c379dc491b24,4.28581723e-06,0.014533835006329
796,Environmental Corridors,1,1,b93cc61e-a063-4da7-bc85-293ce57ea975,2.5593888717e-05,0.034385924595262
797,Environmental Corridors,1,1,a5b1fd6b-a88c-442b-8f6f-a308ddfd1ffa,1.84286388e-06,0.007058076418342
798,Environmental Corridors,1,1,04363695-ef47-4e9e-8d5d-89e96ae38996,4.86311704e-06,0.014388596497996
799,Environmental Corridors,1,1,a7e57e72-ab07-4a78-9645-677a711ccc4b,1.956451013e-06,0.007342281809241
800,Environmental Corridors,1,1,49101f1f-df02-429f-abc6-71faa641eeb0,8.913186e-08,0.001492346984648
801,Environmental Corridors,1,1,cba70146-edcf-48a9-bece-cae8c8f49c2e,1.9419866e-06,0.006630908733884
802,Environmental Corridors,1,1,512ceff0-c6ce-40ea-85ef-c17ca059c4ba,2.155778914e-06,0.01044744624714
803,Environmental Corridors,1,1,0778182d-74d7-49a7-8bfe-369f4dcc4191,4.893835065e-06,0.011343094361863
804,Environmental Corridors,1,1,43eb4f66-9abb-4dab-826f-cd17f25144aa,3.599604657e-06,0.008901688548517
805,Environmental Corridors,1,1,96c938c2-8cb7-4b24-a683-d6e8de0aa2ea,3.502386925e-06,0.011850518738012
806,Environmental Corridors,1,1,8d27e0b6-b6ec-4dee-8135-7f374d039852,1.850760147e-06,0.008426340478147
807,Environmental Corridors,1,1,4031f90e-678b-41e0-a028-a25fd1ea2287,2.795220616e-06,0.011243411676175
808,Environmental Corridors,1,1,4fb38d15-c456-4d9d-9a04-9ad1f7f956ec,2.133491401e-06,0.008725199120563
809,Environmental Corridors,1,1,2514563c-5bb1-432d-8392-6f6e7f488d8c,2.88220289e-07,0.003327485113424
810,Environmental Corridors,1,1,b24705a1-1d57-4f04-8379-d09104fb1846,0.000127334836745,0.325761557802861
811,Environmental Corridors,1,1,5153a6e5-e948-41b6-acf1-74123b02d2b9,1.4941311633e-05,0.030944367787783
812,Environmental Corridors,1,1,af9e15c7-1d90-4c68-af20-57728cf46899,3.325074133e-06,0.009548171819907
813,Environmental Corridors,1,1,c9b92c1d-880d-44ee-8f71-61a4cc2cd1cf,2.749979018e-06,0.012548068373879
814,Environmental Corridors,1,1,da2fe849-eb4e-4d5d-95a8-7d04387ef7ab,6.157434548e-06,0.014866525141651
815,Environmental Corridors,1,1,8f1bb7af-c437-40c6-bd23-3f71f8617d15,7.060222416e-06,0.012917955019978
816,Environmental Corridors,1,1,83bbbd46-fa60-4e0d-b1ab-67ba9dcabb3d,2.504162539e-06,0.010518773579687
817,Environmental Corridors,1,1,d278dcea-a3b9-4b76-a444-4df88bffd51b,4.546744854e-06,0.017855219654704
818,Environmental Corridors,1,1,e4aeecf2-410b-4512-8290-a45d68f302d0,2.121960041e-06,0.010149815389248
819,Environmental Corridors,1,1,3b3c8fe3-1527-496c-90b8-83f9f3d77e8d,2.014293913e-06,0.009331618239673
820,Environmental Corridors,1,1,e482b8fd-25e0-4483-8d67-9820f42879f6,8.506945031e-06,0.024801232408058
821,Environmental Corridors,1,1,1c2bb76c-b3be-4b49-a6a0-30b136f957dc,2.185818733e-06,0.008078821990222
822,Environmental Corridors,1,1,e7d57e7c-e03d-4e6c-b68e-66390ba0b459,3.861134097e-06,0.012692392536106
823,Environmental Corridors,1,1,afb346fd-5cc9-4fcf-96ef-388d306e2ac6,7.436035863e-06,0.03742438590854
824,Environmental Corridors,1,1,5498a0ea-3dad-477d-9095-7467917aebcc,1.820307133e-06,0.008308370791263
825,Environmental Corridors,1,1,02ac4bfa-3c46-4551-858a-5dc9fd15aa28,2.194690799e-06,0.006962593243787
826,Environmental Corridors,1,1,9b362a51-7234-42cc-a175-3a10340fd78a,7.382907898e-06,0.029204921482226
827,Environmental Corridors,1,1,88136b09-2600-469e-ab23-54c3344c8245,5.001178739e-06,0.010499871808451
828,Environmental Corridors,1,1,e24129b7-a128-4e1b-8c0f-f61006aa1cd1,2.213320798e-06,0.007649340989945
829,Environmental Corridors,1,1,200595fd-5bd6-433d-9197-6abc6fb49b92,7.488872317e-06,0.02040255737552
830,Environmental Corridors,1,1,ece24c7a-3095-4715-8b9a-6bf0a9c3571b,9.3966544e-08,0.002014295551892
831,Environmental Corridors,1,1,0c23a4c9-55a3-4c41-ad70-db4a4a7206fa,5.008083578e-06,0.012590586396948
832,Environmental Corridors,1,1,06f20f15-9c64-4c50-8556-93966d0af9e1,5.45753284e-06,0.013356911822838
833,Environmental Corridors,1,1,2180ba4d-d140-46dc-9888-60597595e27e,3.632788289e-06,0.012095687564419
834,Environmental Corridors,1,1,6ccd8021-ef99-4cea-9195-eca4d08524a2,1.877435386e-06,0.006798493795714
835,Environmental Corridors,1,1,f6e64f5d-58a4-4c5b-bfd1-45a21a487887,6.924387305e-06,0.018719311644745
836,Environmental Corridors,1,1,f92f01d0-7eda-4356-96f8-158de043180b,1.94642353e-06,0.005812708632206
837,Environmental Corridors,1,1,1223e57b-08ea-45f1-bd99-9d7b7db353e0,2.121321601e-06,0.00900701138156
838,Environmental Corridors,1,1,222302cf-1e0f-4edb-91a0-3dd43e7cc957,4.420168505e-06,0.017198954833133
839,Environmental Corridors,1,1,803aa860-6590-4495-b7b2-003cef18f4ef,1.9858530386e-05,0.049077301566552
840,Environmental Corridors,1,1,3e6fe1b3-58bd-4dff-b72b-259f18b9289f,3.306213963e-06,0.01070407903469
841,Environmental Corridors,1,1,97b7a739-5a36-4800-92c4-d1ab93ab2169,9.476308126e-06,0.023234859252988
842,Environmental Corridors,1,1,84b5d084-ed65-46fb-9bea-0611bae68a04,2.993546297e-06,0.010035071584668
843,Environmental Corridors,1,1,12a3daec-f25a-4c11-8cb8-64daba157b5d,2.275931544e-06,0.008685243874931
844,Environmental Corridors,1,1,31b9a5de-1547-407e-927f-2de441d352dd,3.42393775e-06,0.010165728309502
845,Environmental Corridors,1,1,c22dc1f5-e987-4c9f-abf1-942d6fc6b092,2.009411521e-06,0.008618470469123
846,Environmental Corridors,1,1,fdf58c08-0277-459c-9683-34cdc747003a,7.626749439e-06,0.01579715721567
847,Environmental Corridors,1,1,0e6e8b9e-26b1-4c32-b927-6bd7a02287fb,8.110254599e-05,0.140792964574674
848,Environmental Corridors,1,1,80a6db87-f758-4514-aa3b-748ba0c846d1,2.561409506e-06,0.013979704861749
849,Environmental Corridors,1,1,898f31c2-6f19-458b-ace9-f4e865dbc7d2,1.934296766e-06,0.009255404348234
850,Environmental Corridors,1,1,d36003aa-c001-4cea-b4a3-8f5947f9d468,2.0470595e-08,0.000661921068332
851,Environmental Corridors,1,1,58f3579c-b83c-45aa-904f-b2b86d1197c1,1.9776065474e-05,0.030222179137211
852,Environmental Corridors,1,1,98c99cdd-abdc-47c8-988e-94ff0033c00e,7.159401801e-06,0.020015209164651
853,Environmental Corridors,1,1,84aaf32a-49c0-439f-a9f9-0b67c3fb6a6f,1.38515532e-07,0.00487428131482
854,Environmental Corridors,1,1,a2587f49-80e3-4715-b915-a623282fb9b4,2.4539388e-08,0.000835849311605
855,Environmental Corridors,1,1,c4dd5b85-03ce-4969-a981-a231590cf307,8.4102755e-06,0.025809053317506
856,Environmental Corridors,1,1,58945ba0-90a8-470d-87b1-c829362df3ea,7.328456225e-06,0.016983065315588
857,Environmental Corridors,1,1,8cd4141e-7073-4d72-9b90-6c8702accd5e,9.842211e-09,0.000415692936714
858,Environmental Corridors,1,1,f0cd9144-7f66-40a7-9c9d-1457ea873a71,4.560342068e-06,0.012418633616667
859,Environmental Corridors,1,1,cb74ffcf-89b9-48d4-aae4-75400a9f19b0,0.000250139862411,0.146150825698577
860,Environmental Corridors,1,1,0fb9856a-456f-4380-8db2-7ea13776f3c0,3.6593975874e-05,0.058745572176444
861,Environmental Corridors,1,1,03dec9b1-167b-449a-9855-bf1eea870204,6.0523382714e-05,0.09472853081389
862,Environmental Corridors,1,1,7f24ad00-8a17-419d-8cde-41c48eac69a4,3.549534393e-06,0.008719274557255
863,Environmental Corridors,1,1,3f069c71-ae7d-4e30-bf1e-97db36788bac,3.93958599e-06,0.014774514367789
864,Environmental Corridors,1,1,cd7a126e-3dc6-48ef-8697-7459af5d058a,5.43946786e-07,0.015269122928047
865,Environmental Corridors,1,1,7e1b88e2-2d55-4b02-aa8e-a29f75186429,3.397970734e-06,0.013315923135147
866,Environmental Corridors,1,1,2dadd10c-6370-4b25-b9da-b0fe752302b3,6.927490737e-06,0.016909247198266
867,Environmental Corridors,1,1,4b38efba-3342-4a96-b53a-00e00234741d,2.9751856e-06,0.00886963642645
868,Environmental Corridors,1,1,5ea98191-684b-4061-b2f5-abdee70768e4,2.0985307e-07,0.002160420886578
869,Environmental Corridors,1,1,8753e789-cc22-49e2-80c0-df329c936817,1.26873047e-07,0.001567507642253
870,Environmental Corridors,1,1,7504fbd7-61dc-450f-afdc-dcd5c96c96f2,3.6059585189e-05,0.081878096761165
871,Environmental Corridors,1,1,1c4bb9c2-f069-4a23-aadd-c8405b1df08b,9.400227167e-06,0.019636193332517
872,Environmental Corridors,1,1,6ec3e4e2-7f47-4dd6-aeb1-a3464c6c1755,2.53779392e-06,0.010106237269
873,Environmental Corridors,1,1,9d9ca24a-779a-4a14-9fe5-ff2410fffaa3,2.162199057e-06,0.009372543103502
874,Environmental Corridors,1,1,13813538-b3ff-4785-9dda-1de209ad6b4e,2.286261473e-06,0.007505263594275
875,Environmental Corridors,1,1,acce39ea-ef6f-417f-a9d5-def94eb63483,3.164727043e-06,0.012532986899663
876,Environmental Corridors,1,1,8311b704-1ab5-42f9-9ed7-4cb7c02702ee,0.00011610539425,0.289423531306001
877,Environmental Corridors,1,1,13326b9c-0ac0-4aa5-9b72-63145297b714,1.833773641e-06,0.006711706837805
878,Environmental Corridors,1,1,0a2a5b04-c42e-4e02-a38a-d39d5a1cfb31,2.210970598e-06,0.006803560365068
879,Environmental Corridors,1,1,34720561-0617-4459-85f3-837eeef3e87a,2.786936149e-06,0.009488825210969
880,Environmental Corridors,1,1,9d956746-3f2d-43b4-8985-be24d9d07ccd,2.356542861e-06,0.008463249303428
881,Environmental Corridors,1,1,fd738232-799d-4ba0-b3e1-9b9db1291344,5.516613805e-06,0.012772526562418
882,Environmental Corridors,1,1,5c4c0f5c-5f22-4278-a89a-c5e3a59fdb5f,5.7590969e-08,0.001243059135396
883,Environmental Corridors,1,1,4e430a3e-4ad7-460d-9bd8-85f17d8d3494,2.955786009e-06,0.009598437005051
884,Environmental Corridors,1,1,b284d586-25ae-4f59-9580-52eef18da42a,5.39363404e-07,0.003583834113002
885,Environmental Corridors,1,1,f8ba1137-1c30-4698-b887-fe9d2ce697ad,3.042145812e-06,0.010767088556372
886,Environmental Corridors,1,1,22b7a61d-0ca3-4e55-b0be-5218143617fd,5.043575645e-06,0.0131219243641
887,Environmental Corridors,1,1,5df992b1-8a4f-498a-bc84-4e8a6197c260,2.706065537e-06,0.006642345512782
888,Environmental Corridors,1,1,ba5e516a-f1b8-4586-b740-c077dd2f77b1,3.70314728e-07,0.003120556935846
889,Environmental Corridors,1,1,4a311402-7586-4106-96fe-6848c252ec53,0.000137277438028,0.230221161799267
890,Environmental Corridors,1,1,c08a83fc-52c8-4a6b-9636-e9c16ae58713,2.514962322e-06,0.007695257516054
891,Environmental Corridors,1,1,3775cf6f-4bd9-4a63-893e-bca4c089d690,2.626168461e-06,0.007837363477276
892,Environmental Corridors,1,1,62039a2c-3f7d-4852-8086-1410b24e2694,3.2756108e-06,0.012981829916574
893,Environmental Corridors,1,1,7db14237-5d71-412b-a22d-01305019881a,9.767941356e-06,0.024027702423762
894,Environmental Corridors,1,1,0fc7a33a-1d95-460b-8ca4-476f21b6e190,1.991351063e-06,0.008827017823086
895,Environmental Corridors,1,1,d2a6730c-b76d-40bc-8c5d-8ea0105d697e,7.3615214e-07,0.011607480070188
896,Environmental Corridors,1,1,bde6dca5-bfe6-4b16-932c-83ecc7740d87,2.1661991624e-05,0.036217208336945
897,Environmental Corridors,1,1,4baf808f-f19d-4366-a06f-0ee3ef7bb639,6.874733267e-06,0.015105895616136
898,Environmental Corridors,1,1,f3559043-cc42-48fe-a607-7d75f0b24e94,2.214911574e-06,0.007736620182679
899,Environmental Corridors,1,1,be45d0be-62da-4c91-adad-57231bf4e794,5.01774436e-07,0.003387552513382
900,Environmental Corridors,1,1,fe84e038-fa58-4e5f-aa5f-87990ba529e3,7.980770548e-06,0.023064644569128
901,Environmental Corridors,1,1,b05a9822-efe5-4fb9-aa00-382a11141c1f,4.0121563578e-05,0.073034076409537
902,Environmental Corridors,1,1,cc0a40de-930b-44eb-805f-faa307aebf9f,5.022870157e-06,0.010799728836567
903,Environmental Corridors,1,1,35c92f94-f601-4d26-9f43-c6b7c7bfe381,4.862991399e-06,0.013315358464743
904,Environmental Corridors,1,1,2a96fc9a-1c4b-477e-a602-878c95973417,5.992729683e-06,0.019959058921918
905,Environmental Corridors,1,1,d548bed3-d5ff-40f6-9d09-7fd0f3550e03,7.274297919e-06,0.025677281554496
906,Environmental Corridors,1,1,f5eab8ee-fe47-4ee9-9569-d5e3db2daeda,1.941465169e-06,0.007515921612481
907,Environmental Corridors,1,1,d318e536-673c-4420-9786-a509be7524fb,3.936315983e-06,0.008113219278862
908,Environmental Corridors,1,1,ca717191-f636-4b05-94b9-162c5ef498f8,0.012619546036159,13.6556317627002
909,Environmental Corridors,1,1,953b7f87-c377-46ca-bb4c-43cc37efc562,5.493274191e-06,0.01412143734719
910,Environmental Corridors,1,1,deaf010e-d758-4639-9cd8-6acc0f74b4f9,2.515578864e-05,0.048010077402347
911,Environmental Corridors,1,1,cdcc59f1-a10b-44ef-97a6-50bb34f2be25,3.51172824e-06,0.014723137486214
912,Environmental Corridors,1,1,2e508c31-29c1-41f3-bf63-04536d66efbe,3.27132576e-06,0.014255100122558
913,Environmental Corridors,1,1,8ecd01d5-30cd-413e-b6f1-e6e5cb6e3ed1,3.128320046e-06,0.013525568573509
914,Environmental Corridors,1,1,069d88d3-855f-40b9-a3c5-4ea9b76659a1,2.247408322e-06,0.010289677969441
915,Environmental Corridors,1,1,ca5b10e9-1949-44fd-903a-6b53b7e2b246,3.418393211e-06,0.01305809426982
916,Environmental Corridors,1,1,f32a18c0-885b-4b9e-adb4-eb22f62f1435,0.000234874572605,0.37426147159148
917,Environmental Corridors,1,1,9328b667-2a82-4b6a-9e0b-b18ee29b46e8,2.800916617e-06,0.007043773874529
918,Environmental Corridors,1,1,f53cb9ab-5e63-4b40-b1c8-0c20bb62baab,1.063860834e-06,0.006409253617417
919,Environmental Corridors,1,1,502ee620-4342-4c6a-9fa3-07f63c9c1b4d,3.244896792e-06,0.008460062395534
920,Environmental Corridors,1,1,6c17f5e3-d5bf-4c79-a7bd-20c6248f43ea,3.1240606729e-05,0.051249343708748
921,Environmental Corridors,1,1,c0283665-b59c-494e-ad84-97955647ed06,1.967801474e-06,0.007341229853558
922,Environmental Corridors,1,1,ca074ac8-5566-4a32-bd4b-ab5a1cc62afa,1.2144679778e-05,0.028277670369081
923,Environmental Corridors,1,1,f69a482b-8298-4da0-9513-b691ca2ab8bf,0.000135104348447,0.240703712153251
924,Environmental Corridors,1,1,5386d2e3-9f9d-4426-8507-e51430730e3d,2.015001299e-06,0.010973932146278
925,Environmental Corridors,1,1,6f61880f-a3f4-440a-8738-5251814124e4,1.2189334779e-05,0.025584727821568
926,Environmental Corridors,1,1,db02ac87-77cd-4d8c-8c71-e6453fb3ba50,5.5913027188e-05,0.099016242821382
927,Environmental Corridors,1,1,5e305331-d44b-4268-a195-532c4d903f44,2.555051031e-06,0.013041743450925
928,Environmental Corridors,1,1,ac648240-16bf-4436-82eb-38f87f68969d,1.969114167e-06,0.007369065817065
929,Environmental Corridors,1,1,0dbe82a1-35eb-4e5f-8fda-57c1897635ce,1.0902657181e-05,0.033856815272939
930,Environmental Corridors,1,1,508b46ef-7a22-42f2-90e5-59fa247eff1b,2.057684316e-06,0.010495353406463
931,Environmental Corridors,1,1,61001dbd-7dcf-4091-8e29-746714c04287,3.1445556915e-05,0.044165077996568
932,Environmental Corridors,1,1,20693c58-faa5-4547-8cc3-0cff34c89cfe,1.961944895e-06,0.008146165961234
933,Environmental Corridors,1,1,49a1139b-4556-432a-a152-6f199dda8e14,7.180005516e-06,0.019716167856444
934,Environmental Corridors,1,1,9feeca35-ae7b-44e8-9768-c2b70d6902db,5.618448212e-06,0.018248066697715
935,Environmental Corridors,1,1,b9eab19c-7d83-42a0-a0ce-1de395b693eb,5.01781621e-06,0.018727622183095
936,Environmental Corridors,1,1,616baed3-28b2-48e9-ad5d-99fc28c94beb,3.10673402e-06,0.011957048172368
937,Environmental Corridors,1,1,0e0a8204-7f49-4adc-bcde-e148dcc75743,6.199173758e-06,0.020398764298071
938,Environmental Corridors,1,1,5fd8c87c-8acf-45d9-81e8-fdc9fde21188,8.445006332e-06,0.021153208988006
939,Environmental Corridors,1,1,3ddb0144-4ec2-4110-8bda-3ea6c3576ff4,1.9194603028e-05,0.039045205747916
940,Environmental Corridors,1,1,84840f29-9483-4f18-a1e1-860468d1c605,1.903015011e-06,0.009517364307127
941,Environmental Corridors,1,1,015913a0-84f2-4c14-8213-0528665cc733,2.163127785e-06,0.009558290584673
942,Environmental Corridors,1,1,cc292c1e-a368-47f8-9995-72e43a48fec5,3.685621477e-06,0.014679665539379
943,Environmental Corridors,1,1,18b1459f-08e0-43d0-a3f5-89867ae5e49c,1.2579743395e-05,0.035356806620502
944,Environmental Corridors,1,1,ec46aff7-2c78-4b7e-8fc6-aee2a22d2b96,1.4240496552e-05,0.031392432562792
945,Environmental Corridors,1,1,9e71d164-bdf7-447e-95fb-76d0996d8125,2.994527708e-06,0.016003643216367
946,Environmental Corridors,1,1,44b737e0-f7c5-4a1d-9e20-e21cbbbdae0c,1.97801797e-07,0.001784798173155
947,Environmental Corridors,1,1,85488beb-465e-4e18-b168-6b65138b59b3,5.7792544e-08,0.001251459585045
948,Environmental Corridors,1,1,eee3eb24-5b8d-4ce7-8c3f-acc341809c47,3.7904488e-08,0.001188031203662
949,Environmental Corridors,1,1,32ef2dfa-21b9-4b2d-a086-08f58e591e74,5.05654e-10,0.000567083928458
950,Environmental Corridors,1,1,97470d92-2731-48d8-85b8-26f0c96ec53d,2.42725846e-07,0.00244596340297
951,Environmental Corridors,1,1,fd2e80e7-4f05-4269-ab63-bcfc0e33350c,7.15269628e-06,0.02433317295876
952,Environmental Corridors,1,1,e862f3b9-fb68-4787-bf4c-de3ef3f2ca4a,1.20439326e-07,0.001605262230312
953,Environmental Corridors,1,1,d79b786e-2f47-4cf3-be56-0a058797dfaf,6.9889e-11,0.003540132803782
954,Environmental Corridors,1,1,b1bf28f4-a5b2-4737-af76-8eb0ffa01064,0.000187780620461,0.380969952701292
955,Environmental Corridors,1,1,bc581f2e-fc7c-43a5-8b4b-432b13a6dd4e,4.8e-13,4.035508907e-06
956,Environmental Corridors,1,1,e4e28066-1281-4a80-89a3-ff84966977f1,0.000410868843566,0.630569202307659
957,Environmental Corridors,1,1,fa3bb24f-e3ed-42fd-9cc7-7af6d697e9d4,0.002312784715002,3.7458783424699
958,Environmental Corridors,1,1,77e5cc9a-63fa-4217-982c-4b244b335944,0.000106885937914,0.243756307883331
959,Environmental Corridors,1,1,36df439c-1609-4cf5-87c2-9d9047f55b36,1.13290835e-07,0.001492609725429
960,Environmental Corridors,1,1,e329a9bc-5334-4ee3-97e3-5e081b1425da,1.1065383926e-05,0.034098541607176
961,Environmental Corridors,1,1,9d27f99c-a04c-4c17-8769-55ea91b6f941,2.129702059e-06,0.008509555197166
962,Environmental Corridors,1,1,f35ad87f-5e35-4a97-a678-0fc536a4a1bd,0.001625200988539,1.95270273986046
963,Environmental Corridors,1,1,4c592188-26f1-414c-aa58-657f6d4f7aee,0.009332444328412,4.88864954052973
964,Environmental Corridors,1,1,32258667-53fe-4c99-8c30-e9d1cc71734e,2.427330473e-06,0.010172104546148
965,Environmental Corridors,1,1,6c829b1a-ab29-4b5e-92e8-0e1b0120b243,2.337861127e-06,0.008521251894073
966,Environmental Corridors,1,1,c0405a82-f51e-4b17-b8ef-37f5a3176bdf,5.7953979591e-05,0.114417173645453
967,Environmental Corridors,1,1,6f99c5eb-d731-4ba9-ac34-30a4652e5b3d,1.4856688933e-05,0.033727856167873
968,Environmental Corridors,1,1,2040abd0-6c2e-418b-a7bf-b459a003ed2f,0.000137792776128,0.239744815011048
969,Environmental Corridors,1,1,b01654e1-46c6-4701-9bc6-4964d9e4ed12,3.342107695e-06,0.00793636126514
970,Environmental Corridors,1,1,28530803-4263-48c1-8f2c-805063a70b63,2.803927552e-06,0.008415999407425
971,Environmental Corridors,1,1,f5106e4f-bfc2-411a-9134-39d56a3d2c06,6.033220769e-06,0.017056936090607
972,Environmental Corridors,1,1,0c96ca54-ad11-4e81-b935-b4020356b315,5.846904479e-06,0.018215992025563
973,Environmental Corridors,1,1,55124baf-b7de-436f-a3a3-d429fb62a23e,2.191887662e-06,0.008523891290897
974,Environmental Corridors,1,1,25ec469b-dfe1-447c-b281-4ee3507326c3,5.277940345e-06,0.011645793526056
975,Environmental Corridors,1,1,ed9f01d9-a217-4cce-832a-4e4283dbab5a,3.882196522e-06,0.013151214300088
976,Environmental Corridors,1,1,beeb6d9c-7b31-4d8c-8cd3-dd3485f9ddda,3.108137848e-06,0.008815063157352
977,Environmental Corridors,1,1,1d6a2859-8c27-40b8-aaef-e622097d1ee3,8.34997747e-07,0.006382441636607
978,Environmental Corridors,1,1,b6ad92d5-4208-4683-a24a-01f0e09d8d36,2.288638815e-06,0.009562599848907
979,Environmental Corridors,1,1,5ada4502-2eec-4d61-a505-aab23749df4a,2.89283939e-06,0.009832451245361
980,Environmental Corridors,1,1,de45d42a-7ba7-46d2-b3e0-81b906de6410,4.725543021e-06,0.015322443193424
981,Environmental Corridors,1,1,bc6e12e9-0d7e-4c21-b4d9-49356d5892ce,1.803636909e-06,0.007294238960305
982,Environmental Corridors,1,1,50b8f622-e727-48eb-bcc1-32b7ad3618fa,7.80971344e-07,0.00593340624948
983,Environmental Corridors,1,1,2099727c-fdea-4c4a-9c7c-d18cf8e9c123,1.974382652e-06,0.006739797543912
984,Environmental Corridors,1,1,53faf7a0-fe20-43e3-a75c-d5bf7f8dd926,7.559522003e-06,0.025374255601005
985,Environmental Corridors,1,1,dff79306-53a0-44cc-bed4-10ebddccae31,3.802036701e-06,0.013752182578881
986,Environmental Corridors,1,1,f9c20a41-6a5b-452b-a7e0-77c096b24769,3.08620901e-06,0.011261922610186
987,Environmental Corridors,1,1,6a01cfb7-7ee2-4ccd-be33-59ae6e8a6b58,1.203850015e-06,0.006034974760601
988,Environmental Corridors,1,1,d623d936-9543-4469-8dc6-4cdb68bca01c,1.7442111786e-05,0.046487218998308
989,Environmental Corridors,1,1,0d679ffd-60a7-4ca4-b9e7-ce5175cc8bef,1.2485081e-07,0.001451921434949
990,Environmental Corridors,1,1,aa26318c-4e2e-46e8-b837-eb57b692a2a5,0.004282033427889,4.06824317629693
991,Environmental Corridors,1,1,5ed24a3b-648c-40df-afbb-866b043db30e,3.559262829e-06,0.011084408327897
992,Environmental Corridors,1,1,3a28e4ad-ce95-4881-bfa2-46d721d7932a,9.34256281e-06,0.021909551099011
993,Environmental Corridors,1,1,90d8291e-4d9e-4799-bbc8-146b83e4598e,5.603427835e-06,0.020684238293173
994,Environmental Corridors,1,1,25854bb3-064a-4480-8fcf-59f535dd23ef,3.780817793e-05,0.054392292321404
995,Environmental Corridors,1,1,293d9951-fb12-462e-9e7e-890c099c3a3f,4.204701237e-06,0.014529630828735
996,Environmental Corridors,1,1,45016cf6-c241-46da-968d-d58ccb66af61,5.226068201e-06,0.016057619401625
997,Environmental Corridors,1,1,860335a4-3fa6-43ed-849c-7c127c410969,2.623292549e-06,0.009625236645828
998,Environmental Corridors,1,1,cb433c54-309e-413e-bdc3-3b235e896e16,1.4611469981e-05,0.037101965326836
999,Environmental Corridors,1,1,89e3e8be-645c-4577-8e29-7412358dff44,5.519176833e-06,0.014326539492795
1000,Environmental Corridors,1,1,4b0df14e-828d-4633-b5e6-c948a2fc87e6,3.986432497e-06,0.01146614116139
1001,Environmental Corridors,1,1,f440aed2-cb8a-441c-8a1a-4ef877e7c662,2.757476959e-06,0.010277013867739
1002,Environmental Corridors,1,1,cc424e46-a1be-415c-9230-1f04ae491fcf,2.059828669e-06,0.007855555561314
1003,Environmental Corridors,1,1,48fd4d29-6d39-4d76-b15f-3c458405eab7,1.016633173e-06,0.005805134637831
1004,Environmental Corridors,1,1,13e723d5-7315-4078-b0a7-c1295c4e9cba,2.523462064e-06,0.009003078769525
1005,Environmental Corridors,1,1,c6e171aa-959a-48a0-84e4-749bc08ef724,6.538576092e-06,0.013466928438061
1006,Environmental Corridors,1,1,76f3c3a6-71cc-456a-97e2-b123532d2ab3,4.478678975e-06,0.01264838334104
1007,Environmental Corridors,1,1,5b71ac25-22d4-4368-9341-b3cce02f1b9a,8.81930503e-07,0.004376940626528
1008,Environmental Corridors,1,1,290cd372-3ad3-4623-b590-33a8585813b0,1.3277692648e-05,0.020255392908124
1009,Environmental Corridors,1,1,7255388d-192a-49b7-a26f-50a52d33a88c,2.383905069e-06,0.008962104193372
1010,Environmental Corridors,1,1,36fa7808-4d9e-4b3f-a6b0-b355817b240b,4.237423552e-06,0.016633038897777
1011,Environmental Corridors,1,1,4fb36e59-c6ff-4465-977f-cdbd1148c1c6,0.000120507622442,0.213604041412392
1012,Environmental Corridors,1,1,a25ed091-83bf-4909-b1f5-6acb659620f0,5.90629564e-07,0.003828321337572
1013,Environmental Corridors,1,1,0d37016b-7313-4399-bede-a367b75081b7,2.972736688e-06,0.009072431031962
1014,Environmental Corridors,1,1,1d67f097-991c-490a-821c-df58e912ef87,1.012525668e-05,0.028228675117383
1015,Environmental Corridors,1,1,4e1748da-6b60-4628-9899-2bb591c8c6ff,3.129386003e-06,0.008811694759735
1016,Environmental Corridors,1,1,5c1dd50e-40df-4b5c-a1ad-bb9b9fe03ce6,1.4814708579e-05,0.037750511208333
1017,Environmental Corridors,1,1,e679c629-98bf-4c06-861e-1a1c5652ba07,5.638957487e-06,0.014921634035238
1018,Environmental Corridors,1,1,79081f99-f27e-42b8-8547-bdcbdbaf6faf,7.455881541e-06,0.02017309573426
1019,Environmental Corridors,1,1,6a8e7a0f-0465-4c54-8c78-3ee295b0e988,2.168991123e-06,0.00991665902019
1020,Environmental Corridors,1,1,65daf7a4-6f08-4f55-a036-c38a7089ccb5,5.993854061e-06,0.017475619837789
1021,Environmental Corridors,1,1,f082c2d8-7475-4a44-bf92-05d4b2f5827d,1.1064796693e-05,0.018679686919842
1022,Environmental Corridors,1,1,82f7d036-de5e-4d26-89e5-36c3f4fdace6,2.424888888e-06,0.011975888440821
1023,Environmental Corridors,1,1,9e205816-11fb-44ec-b400-7aec11d221f0,3.756630887e-06,0.010519240970653
1024,Environmental Corridors,1,1,e9108040-af42-4068-9834-e1a6294ba35d,3.24629396e-06,0.009845167482744
1025,Environmental Corridors,1,1,a759ecaf-d964-42e5-b1c5-741f395c53a2,1.407976603e-05,0.03401994927533
1026,Environmental Corridors,1,1,1e01c18d-4f7a-4960-b476-acf14c2712f5,3.758957479e-06,0.019406570886632
1027,Environmental Corridors,1,1,1017160a-0dbf-4b1c-bbce-9672fe0a7bb2,4.36417351e-07,0.004827626128774
1028,Environmental Corridors,1,1,9bf03626-7e31-4499-8552-6a840b393d7f,2.33555572e-06,0.007717340587598
1029,Environmental Corridors,1,1,d61b8542-a45d-4fbc-b2f6-edb353d199a1,1.807501791e-06,0.006886927192599
1030,Environmental Corridors,1,1,413d7c51-d34b-4b68-8c3d-1db2bc303204,7.7535437e-08,0.001236587591659
1031,Environmental Corridors,1,1,5252a8c0-ddd7-46b3-9001-3fdc94e3ad21,1.5831891e-08,0.000883861582359
1032,Environmental Corridors,1,1,28f6752f-a77e-4f8d-a4be-d1793ea0cb4e,2.405443678e-06,0.009413756597645
1033,Environmental Corridors,1,1,4e9bec07-77bf-4ebc-930d-c5416ac94f63,3.439944125e-06,0.011144655546131
1034,Environmental Corridors,1,1,59c6fff9-b686-4571-a1c4-fa53d5224bcc,5.547252273e-06,0.013339530370571
1035,Environmental Corridors,1,1,8686f3c0-9661-4be5-bcc3-028a1b46790f,4.980519487e-06,0.017040540483132
1036,Environmental Corridors,1,1,2645b277-8fce-4b97-9139-9789d2d8e2a5,9.886329838e-06,0.023179325163703
1037,Environmental Corridors,1,1,e8f4fa1c-5a72-43b5-b23f-818ec45fa8a4,2.377053532e-06,0.007480974497437
1038,Environmental Corridors,1,1,7177e4ad-4bfb-4e07-83d0-7506304d19a6,5.015454793e-06,0.013232919794014
1039,Environmental Corridors,1,1,b3dd113e-5ae6-4624-803b-c89cb5b9bb7d,3.95147611e-06,0.014226886259438
1040,Environmental Corridors,1,1,ded0d179-9036-4ab8-a1cc-a082c9bbf91f,2.140260721e-06,0.006817902074104
1041,Environmental Corridors,1,1,5092d1e2-887a-4fac-8996-68fdbfe427b4,2.75212274e-07,0.003594620506456
1042,Environmental Corridors,1,1,a225c58e-8ab1-4e72-b677-239112d7ea79,1.657159559e-06,0.005397079390389
1043,Environmental Corridors,1,1,c1ea23e2-81da-4a7c-b895-c060637e48f8,8.41872707e-07,0.004174582271458
1044,Environmental Corridors,1,1,597ecc84-c2ee-42b7-87e0-bc238f7548c4,6.941138101e-06,0.022121503088833
1045,Environmental Corridors,1,1,f45a57de-b090-45fb-ae9c-e9ea55f414de,1.4998411563e-05,0.028587101488684
1046,Environmental Corridors,1,1,7c3fe572-37f7-432a-a941-23337f2b6d2a,1.963338086e-06,0.008627048182293
1047,Environmental Corridors,1,1,1239c821-81f0-4dd6-a0d9-06701baf6c03,4.4517247e-08,0.001067085352853
1048,Environmental Corridors,1,1,83032d70-10a2-4d2d-ba15-fb90b853c94d,8.8123035113e-05,0.10596181077677
1049,Environmental Corridors,1,1,33462fe3-cdba-4b4a-be3c-16ea014cff46,2.1024498429e-05,0.052688983803945
1050,Environmental Corridors,1,1,816b3aaa-1dc5-4945-8330-b93fd6f36cf9,8.111328821e-06,0.020411832224196
1051,Environmental Corridors,1,1,20732844-284e-4150-8c0f-fde87d31471f,1.82685739e-06,0.010215213785332
1052,Environmental Corridors,1,1,20741716-b4aa-4e5b-b9c1-095c3b2536ce,2.195980081e-06,0.006774072577646
1053,Environmental Corridors,1,1,2562b016-21b7-475e-82bd-2698bb223af2,1.884993037e-06,0.006108504041108
1054,Environmental Corridors,1,1,73777893-c785-4420-8c54-7301672409c7,7.003932e-08,0.001388269597373
1055,Environmental Corridors,1,1,5922e8e5-2666-4052-8762-98de132e24a8,1.565327464e-06,0.006079586125354
1056,Environmental Corridors,1,1,1ef00ebd-21d3-4f57-9f69-0c831b21ce24,3.084406586e-06,0.011753615874396
1057,River Freight,1,1,2a4ffe54-686c-46f5-847e-0af0ed905a27,0.002519288153938,0.263790728804079
1058,River Freight,1,1,d71cf181-7f8a-4796-8e77-4edf28e68498,0.00407230867399,0.56957836716968
