OBJECTID,Tax_Code,GlobalID,Shape__Area,Shape__Length
693,001,dae1a07e-dd67-45c8-91e2-fba59c58020e,700606072.695557,412285.816764118
694,003,e52b8403-26ae-40d2-b732-21e7963b6300,28679066.6704102,77630.0204468688
695,004,eb0f06e3-d12c-4f2c-900e-19dfd204673d,24244955.1413574,39610.5586032689
696,005,8b80b58f-c247-4ad5-a7e0-cf67f8ec55f6,717841.98046875,3611.7500001939
697,006,68994f40-66bb-411c-9516-8a30ad2f51e1,33355318.463623,42008.4694978252
698,008,618a484b-c1dd-413a-9df8-97ea947fda08,92103436.5959473,102358.397640576
699,009,d5550f74-b351-46cd-b943-025c01292c47,72769.7202148438,1173.80666933852
700,011,0febd764-e295-4a93-99b5-07f8acd8c69e,83803.5087890625,1251.63388480399
701,012,8fc5a128-e3f4-4db8-8966-a89be67dcccf,292224.282226563,2346.78223987898
702,013,d7bc809b-fd1a-43ad-a570-0ef797f5acf4,17788406.9191895,28682.7079068933
703,014,3ef788e5-85c2-4955-a204-327cefb95966,16740760.3217773,23261.3281545625
704,015,b03b36fb-5cec-4d8e-a5af-3754bc4f4210,20668389.2158203,34967.4930708068
705,016,fafd50da-4c20-4207-b7e1-0691d811b04b,10865653.1005859,26619.611765978
706,017,597f9204-fb4b-463e-acab-cc93f96b974e,36627670.8105469,42946.7123273662
707,021,a18fd41a-8fcb-469e-ad88-82e3e4c73160,5010640.79760742,24185.163754593
708,022,5f9d0d71-982d-4780-843f-7699dd482905,942972.915771484,4271.64667538791
709,023,e9ad34dc-a2ea-4193-b813-a64333074ce8,1281451.74291992,6069.98213374066
710,024,b086f2ff-5616-4509-b7d1-5e54a2d9d96f,781502.418212891,6121.5770273046
711,026,8de93d53-55e4-4076-9c72-485358ec95b9,8640.31860351563,407.67091568173
712,027,1911695a-1eb3-4797-a801-dc0e7fbf0a73,1449471.54296875,5914.6249182786
713,028,ff495efb-7db1-4999-a8a2-4d412bb5c844,1200553.29199219,9850.41227384334
714,029,b90d1396-bd6a-41bf-a279-2dc59f492332,794795.319335938,8878.3816560024
715,038,c8a858a7-bf7b-4fbd-bf76-64f6e43e503b,2789615.8269043,10472.4467807868
716,039,361971aa-63ee-40a7-b8d1-9852c17d5ddd,7684628.00878906,17268.1127988776
717,040,5f3a7f71-7b8d-441c-b071-03c3b7812f6e,6668087.61425781,23848.5584073715
718,041,a4ce5009-cc07-43b7-ae57-d3463480286b,452028.038818359,2889.99279669535
719,042,c1360aec-5edd-477e-97c3-05e8d007cb18,299765.414306641,2175.14661129289
720,043,f5f700e6-2e4a-44b8-aae6-f220201c74a7,554618.026855469,10854.6588959667
721,044,4d895f8d-6eb4-47cd-bb50-92ba5c966a16,9391840.81420898,19310.9057186846
722,045,173c92cd-5140-424f-8189-a842284b726b,35958900.6328125,38291.2184931402
723,046,374d0740-dcb0-4b7b-ab3c-a38a386d53e6,1225136.90014648,7823.3459796677
724,047,dd34d497-cbc0-4e31-9802-17dd73901d56,133662.587402344,1746.81214506511
725,048,99211754-fc54-44dc-81d3-2fdc7e9dd40e,51876.1450195313,969.12822725276
726,049,818fe38a-6da7-45da-af63-990a30d79021,51826.8605957031,967.982711380434
727,050,bb60f15d-73e5-48ce-9248-040d10c4e993,2341031.06005859,9559.62177982056
728,051,a03081a0-ac7a-48d9-b559-9059ecbd3de1,16166897.9907227,64001.6011156986
729,053,d639389a-4d95-4344-9aa8-ef804dfaf463,217568.823730469,2010.66137186605
730,054,e7158bd2-d0f6-4bb1-8390-be40d04e70bd,7975738.5559082,15263.7922018571
731,055,5d5d0d72-082b-43ff-9ddc-64f5c2c1c8ba,69652.5859375,1428.79659946859
732,056,4e9874e4-a861-4c4b-81b4-2015d2f4ffc4,14408345.7929688,24355.634960325
733,057,d2ffe879-3ee5-4ed3-bb90-7e6c426eccd4,4976.705078125,328.834803499898
734,058,92d61067-c499-4451-9216-80a3d2bb694c,731001.813964844,3586.38092314092
735,059,db5d4c16-cbc3-432c-81c5-9d5d0a498df1,498112.345703125,4296.07098670384
736,060,a3000228-9a52-4c66-8edc-ceb2f4b5d6d5,25410460.09375,31173.449093381
737,061,7860c926-24f3-45c6-b255-edb754380102,12781923.6408691,28578.3943994345
738,062,940d5729-2c3e-4574-b147-84dc168d30be,27674.4250488281,950.525609998671
739,063,6a35bdd1-fba7-4b21-98ac-49ae97786eef,250549.704101563,2512.94367543215
740,064,067c3c86-a551-4a80-b9db-5cad2743c770,286899.222900391,2496.89502660118
741,065,63d0d8ec-ce3e-4867-bfdd-466bc003c6fb,182771.205078125,2078.05581252239
742,066,8a3d4c9b-e60a-4b5c-a75b-8d636a3dfad5,4978682.60668945,23269.698667449
743,067,d9b2533c-af92-4126-bf8e-38bb1849bd97,72722.0063476563,1487.05546905243
744,068,e4f4db3f-f75a-42df-86d8-27bde3482824,227007.510498047,2012.47178323737
745,069,1c7edd9f-bd40-4070-8aa7-80f7c28bde21,163619.336914063,2045.66399297658
746,070,d8fb5153-a888-44c6-9a53-df2c13742740,104422.418212891,1473.3650853385
747,071,25da3fc7-487c-4542-8511-1b69c4f5585a,225877.909423828,1993.52867812911
748,072,18a192e6-510b-4692-8d62-b0b95c0dc515,173970.762207031,1732.50494034826
749,073,71d10e92-9540-42ca-9d40-8318a6c70f40,152107.380859375,2163.53019900453
750,074,aa4e82d8-050a-4b56-bc4a-66d41507ef28,177065.407226563,1762.41195793391
751,075,869f7e02-d34d-4cc3-a438-f1b67633ef56,13684.541015625,471.701717377574
752,076,7788017e-eb54-4235-ae73-49344b80af88,322108.136230469,4098.91646886445
753,077,55f446a9-4c44-4836-9a7d-1cc3cd809106,208745.729492188,2384.15233802508
754,078,4e3d9ca0-7b4b-4a38-91c6-7afc8d100a80,211750.817626953,2034.82842575347
755,079,405fcefc-b37b-4d44-8e4c-0e97a1b8d7fd,204434.716064453,1929.13052332268
756,080,2217164c-face-4de5-b717-50dfc3370c35,83727.1240234375,1572.34908267392
757,081,d105b51b-8bc5-4e9f-852f-394526cdf76c,208899.452636719,1973.0330954373
758,082,d47a6e26-e8f3-4fe0-b2e2-79fa596f5506,396740.227539063,3750.7473049638
759,083,9ac90263-5f52-4642-a7d3-47e51a44b466,126334.475585938,1727.90554493267
760,084,c902a014-5132-4ff8-ac9b-e79c2c7502d4,102073.318359375,2233.45735164986
761,085,348b96a2-8688-4c2e-8691-6d8864d540ec,134305.468994141,2165.54422824811
762,086,530a0458-4cc0-4350-b9c0-b1d5734856bf,34371.6931152344,848.291028717744
763,087,1498e77d-ea02-489c-9923-027b44eb5650,236567.671875,2053.11319435633
764,088,5692a5cc-6a8b-4f1d-9e2e-d1d3e3e86f44,62810.169921875,1033.99832588172
765,089,e43c4fc2-196f-4e8b-b2c4-7f63469e905e,176011.527099609,1957.18784067011
766,091,03e927a5-e03c-4d64-a5d1-da8f2a9ea9c9,8702.83935546875,401.714165242098
767,092,4d61b563-6042-499e-a3b7-cf702e7866de,3582683.99926758,29304.3065226397
768,093,a43e5852-ecad-4741-80f8-c6fc13941d75,22775.2036132813,630.81656399418
769,094,8092527f-8e64-4660-96d0-cdfa6ec16d42,68892.2807617188,1458.01564978321
770,095,cdf83258-5b36-4e45-8ce9-ff19e82ff738,193623.796386719,2314.41019305305
771,096,af902e4d-5c4c-457a-a5c9-49fe7d243d33,47403.3430175781,1001.64690658533
772,097,9a2fa180-6a0e-4602-889d-6a8c30fcbb88,126896.379150391,1870.64004857509
773,098,e93b9d77-e6bd-40a3-b026-83cc36a27192,7306.90844726563,352.892422252791
774,099,a2a145f7-f1f3-478f-95b6-13cbd5af5c3c,87754.1450195313,1809.08121295143
775,100,ca209671-2680-4d2e-a5e4-a0bd741c7b7d,362294453.78125,165562.187348771
776,101,b912262a-a404-4067-a5f5-a07bb105d3cf,13411749.328125,32147.3403111683
777,102,2b543732-1c03-4c30-8e03-06f5165419d2,94316044.4221191,108867.642998946
778,103,838125d8-aeb9-41ce-8270-bc84ed039742,49566343.2045898,55745.6283122664
779,104,0706f67c-bec6-4c4c-b278-74f5149164e0,3131489.49023438,15343.1817996854
780,105,8258f1bd-4825-4ffc-ba58-d1d802d17e22,3364000.66821289,21209.8639048764
781,106,2b397e61-acd0-4f3b-a21b-12012639a6ee,3736495.68823242,24508.7151328999
782,107,cf0d5220-7bfb-48f9-af35-1a53667258b4,3839073.69189453,14926.0236712195
783,120,a48b2ee1-edfb-462e-82c9-a9814005c60e,7317930.99633789,21953.5283717161
784,121,5b4b13a6-35f5-424c-baea-126ee8590c17,22062651.6518555,23344.4829809945
785,122,516d251e-a1a1-4000-87fd-9355c0b63a9b,28970058.6362305,28150.2481322779
786,123,90d7213a-1980-44c4-845f-a5da145797a9,3319341.33911133,11607.4038141989
787,124,4bba2215-5443-491c-8315-6298d20899c4,849241.310058594,6615.53434463956
788,138,016989d2-b8de-4353-a871-1d6f82e0bd3e,181790.838867188,2048.55473567781
789,139,d2e7dd0c-bd45-40c8-8817-c1c6b83be2a0,24728.0793457031,897.762479857473
790,140,2f57eea7-0e9b-4fe3-bd93-d36d4e65ef2b,49227.6247558594,1066.1939253686
791,141,68d29e50-cb2b-427c-83c7-056999a0a1e7,99304.5888671875,1679.59095607603
792,142,1c913804-fc32-4164-b549-f6a703fb5f64,152896.992675781,2962.81689122794
793,143,cd51d7c4-c322-40a0-923a-63d4c40c2f68,28700.8208007813,1070.05137510304
794,144,057eda3e-3412-4ab3-9fdd-ea45d004e623,135889.031738281,1710.28101407158
795,145,9982d212-d869-4bed-86fd-a6efbc08e179,301893.719238281,3329.04093385817
796,146,a0a4676a-aa75-443a-adf4-4f142983d683,5599.26245117188,342.628220397834
797,147,dde27587-4e98-4f3e-955d-381b8889185d,18371.0693359375,543.431174536193
798,148,be12c738-329f-4dbe-8b01-07f705ba24a3,72061.1159667969,1200.57428544351
799,149,3d1c77f9-e53b-40f3-9e0a-cd3b451e5722,268907.368652344,3130.48022129391
800,150,fcb78dd9-af8b-4ad7-8573-ef0aba45d36e,23755041.6235352,41856.2507042281
801,151,5080ebf4-b379-4229-a646-4df1dcd2b777,8887852.26879883,17129.0184401535
802,152,46de860e-1c0b-4d00-9195-6fbe12cbe352,19768406.315918,37553.7921623061
803,153,ceca19c5-46ec-4077-a3a3-f26c2746bf4c,31320521.1691895,29424.495080521
804,154,ee520f80-a8fc-4a6a-8012-2d6c341b4458,132214976.898438,163881.971446035
805,155,59b16d3d-9068-4940-9c06-6b7543cf2121,8042005.25830078,25837.3741360905
806,156,61d45ce3-6692-4a9b-be18-5d2e90514722,1095553.390625,5640.30760686592
807,159,afd9b8b5-413c-4ffd-abe5-77f1b908fa77,48240147.3613281,101625.561744595
808,160,dd39b113-df1d-490e-a800-2dd51e733ab6,9924121.05981445,36800.1848105373
809,161,42062da5-8e50-4030-8941-ffb3e4a69c69,2669926.98461914,7732.60763022017
810,162,e33de0b4-c91c-4042-9f94-c76c3b30aeae,233476855.914063,157146.060524933
811,163,a2de8716-9969-4de3-995e-2200574fd06b,174678805.880615,98967.9775769334
812,164,a237796a-d2ac-4716-8ce8-7a68a9ee243c,16803458.736084,17993.0741660907
813,165,2be7fa21-79a3-4043-b833-01c5f105a25f,7281587.60205078,11489.5973103228
814,166,171e7034-e05b-479e-ad45-aa5d71b2b4ed,3616569.46313477,8943.30188181561
815,168,ee7ff119-36cc-40f0-9413-d99a14eec664,44000.8432617188,1080.0425086163
816,170,9e714cf9-0dd5-4b6b-91d3-d832b866f27d,2048869.58178711,7292.51810956816
817,171,17326194-4509-47c7-a790-6461f4da6e24,17895629.2817383,22382.3347123154
818,172,66316d89-cabb-46c7-a71b-01981c33017c,1106790.70947266,6404.00638362278
819,173,8d2dac4f-e4b3-424f-a24e-7b1f37ca32eb,457299.342285156,3190.77456035015
820,175,3e7d3831-1a13-498a-8694-bdb6eba71f21,171627.429199219,4935.57801089427
821,177,90101f09-f2f9-481e-8b34-68a7a9a57f25,22326298.2302246,48454.0215945658
822,181,8d735ec6-bbe6-425a-a2fb-8e57486ff697,28980319.3762207,45841.9199350557
823,182,53044df3-bcab-421f-87a4-cf4f061b04dc,31829.0244140625,1030.95528036117
824,184,941b2366-fda4-4598-98d4-d6f3df410158,43863.4641113281,1015.50833593481
825,185,924f173e-b5bc-49e5-8127-c8ab8f8fdbbd,7495385.07495117,19406.629902797
826,191,b27f04f0-99e7-45c6-a071-18d2e5867392,13876.4638671875,539.923734683094
827,194,15e8c5e7-7ce5-4669-8a3f-5d09305cd0fb,348960.078125,2443.50612606223
828,195,dc89b8b7-1006-407d-bd3c-9bee058a207a,3350758.64013672,8700.05036959808
829,200,88052c78-07e0-4096-b031-53a2f063b67b,2623270.3828125,10903.2387903306
830,203,e1330958-6aad-48a9-8def-7d607e3520c7,6008242.75195313,14327.8172040923
831,207,008eddb5-e345-44e4-bb5a-b5d5f9fa1c3c,62599828.7158203,101646.422727751
832,211,1b4708d1-39e3-43f6-a454-91020f4aa4dc,3440950.06542969,7865.65382784636
833,212,414203c2-a467-4940-8e34-1d64ccfaa02b,4018479.06323242,13276.3649972946
834,214,c92b39a6-0bf2-45a8-908c-65fe3750cc6e,262782.398193359,2581.28812401082
835,215,4aa8fb7a-f316-47bd-9598-986f7e11a234,1398772.09765625,11077.9856955595
836,216,5cee4513-0334-4269-ab30-d9f0ed6b3ea5,2851627.51171875,22860.7140470348
837,217,d942c4dc-1583-49f3-8250-f9d9e4a41b23,1078547.15454102,5522.72786946279
838,218,897e1900-28c6-4a7b-908b-c38caad275d7,379206.889404297,7287.84730136536
839,245,796e947a-740f-45fc-bfa3-7d46c73cf101,2636455.67114258,10738.525292903
840,246,ac814dc1-b73f-43c6-afe8-fe4e5964ff77,150504.220458984,1552.46919959528
841,247,5d969f51-d4b7-47a0-a198-148f96fc32bf,162084.878417969,1624.71801062152
842,250,8adefe44-0bc6-48e1-9c18-cde85b0d668d,9896318.89648438,16983.4152027936
843,251,b47970b3-6c51-4c4d-8be9-cecd0c16fd6b,34491397.9995117,35755.105090876
844,252,6c17df1a-0525-428b-bac7-d66ed6443982,48485519.6313477,37213.4607019983
845,253,df32b795-4291-4a7b-aa09-5e677dcfecdd,942197.958007813,5459.25708602471
846,254,0b278b4f-2a06-4f94-8ce7-8b209810008b,51484576.5368652,86765.2904071954
847,255,4e5dcb65-9785-4e3e-a4fc-78e15d1f5fe3,12708489.0244141,34784.6084369864
848,256,c45db781-f738-4ab7-8940-835188695db7,237343912.671143,69557.3154214048
849,257,33ea8729-3d24-4c1a-b023-3a82352de89a,98632631.2543945,42754.9567099254
850,258,48a35379-3ef8-4cfa-818e-31d26a849efc,14399332.4472656,16074.210289943
851,259,6f407844-2a03-43d2-891a-0e7a46fae62b,14107540.8288574,21697.7717624169
852,260,6c78142c-78f0-4488-b29a-ad42478bdc07,31565489.4401855,51776.8774582708
853,261,deddd635-639f-43ac-b448-01cf91a19399,12462086.5927734,45227.2979272214
854,262,d70d31c9-8ed2-44d8-9024-59f5f647230b,29972278.9311523,24138.0558504104
855,263,2ee48144-fefb-4b19-b19c-f938504e3a8c,13613274.1113281,20580.644520482
856,264,91c69cf4-55f8-4c78-8d3f-e084fe6c3d74,86147321.8615723,57564.0228472203
857,268,7d674cd9-ceeb-4788-ac26-579ffa9183a3,14843132.6633301,24034.7193899774
858,269,13542580-be5a-44e6-907d-05a429deff64,130452.108398438,1977.22819532453
859,272,d6ef642f-f507-415b-9e79-26d8ea2ff3cf,8311333.9309082,42054.6330689966
860,273,ec71d5a4-5d3c-43e6-9fd6-c806e12d9d15,185919.940917969,2394.73116304401
861,274,58ab4e53-6563-4327-affd-4f5f44c205e1,68503147.6489258,137664.049324991
862,276,2cc19a1b-2001-4196-a971-b37a01772ccc,532535.099365234,2989.16160837884
863,277,dcbabb39-02fd-4055-a249-725b86bd9a43,287801.565429688,2583.2850317318
864,278,07c9c22e-4d58-4a0f-b35f-4dac595c5fd6,9385821.25561523,29562.1926914166
865,281,651eea24-a3f1-4c33-b3ab-d91067693389,11914873.2758789,54655.8557860127
866,283,64ef605f-7574-4f5b-9cf8-3bc4b534367f,312369.735839844,3021.1790527393
867,284,0f9d3ade-c48e-4056-b73c-9e430c791d60,909327.307373047,3905.998773223
868,285,a6d4f70c-c562-4a14-939a-c8aa89964b50,1494780.31713867,8287.02654144022
869,286,99abe2d2-835b-4051-ae71-a2d97d1b312d,2414397.96313477,10393.5529458783
870,287,1ba147df-e1c5-40e3-8ba8-fa7c1a864b47,2030010.05810547,11734.3259083152
871,289,88c3ecc0-c1f4-40d3-a70f-29455d0b8a37,89182.1376953125,1303.00924945867
872,291,185140f0-0c31-43ee-a449-210dadb6eab4,249567.332275391,2092.03984225872
873,293,eb823e0c-0bde-4ec0-918f-e56ad104c8c9,2219144.11206055,9558.83586277416
874,294,5695766f-0047-4ca1-9ee6-af8011436af2,4371563.55175781,9438.44685026775
875,295,bbd6d032-4015-4fe5-8ae1-75e5851ea2f8,61420316.6777344,41549.9796736265
876,296,e620fa81-73c4-4719-a70a-57f0d190dc88,9864190.51391602,12905.8802426887
877,300,1cf2b8ff-b169-4d74-9476-9740e490be31,7448065.38037109,17731.7930164071
878,301,79652ed3-498f-49eb-a6d2-c6100db6b01a,49993712.0649414,70332.0468684639
879,302,0dcd5570-1058-4cb5-915c-f72e08b04e29,43515583.0527344,52220.3618083572
880,303,9f902a4c-e8e5-411f-baf8-665cd62b400a,8525288.91699219,12984.6909062229
881,304,5dafb652-bb37-4698-be15-309392d7e69b,63072471.201416,42712.5544195195
882,306,450e3333-34c5-4e2c-b3b6-e9e4e9637b09,97115954.4575195,65171.0397535047
883,308,232b77a4-f387-48d9-87cd-05bfbce29525,1167564.53735352,11122.1749477906
884,309,075b3cb2-5c16-4d9f-b44a-bf99a2352fd3,7998360.78271484,27152.3361987551
885,310,ac7bd5f0-2096-4197-86fc-cb6fc363d7d0,43879298.2792969,75473.2955042983
886,311,17ee068d-a3ac-437d-a49e-dad04f6b7ccd,2398336.17895508,14106.9968778383
887,312,f93d0f8a-0659-4286-b3c4-9ba3fb1a8777,16786568.2905273,41082.0439250851
888,314,9e08e3a5-343e-4028-9f9f-d96e128a4d63,628924.354492188,7418.07670465424
889,315,a0eb4a97-a773-4f27-96d5-b711c944e687,8954653.97509766,22005.0169763317
890,318,c258bf93-3d9d-48e5-a123-ff966c4e94c8,14700468.7641602,23287.8985092722
891,319,cacd9cd6-be29-4216-be86-0ce6975fadc6,61113219.5844727,71698.0739468434
892,320,abb8ac6f-c3c5-4777-be92-04df418b8db6,850519.922607422,6400.73724884764
893,322,d5fe8071-3ea5-4ad7-9c51-dc16b8c85093,2514291.01245117,9670.29911483802
894,323,07f70371-2b04-496d-9ec6-3bc5d4ab0f3c,36142659.0852051,47462.9013248271
895,324,2ea70b1e-7e0e-49a4-a4d1-7edb98ddb8cf,279195.103027344,2170.63272866177
896,325,9e5897ad-c1cd-4015-b658-7d27c1f28089,10548615.7946777,24609.8578074965
897,326,e4ee66dd-87d5-4c40-8139-78fe25a02890,77574306.1921387,83350.1162155687
898,327,dea4a0fa-3157-463e-8d57-36c464d699e7,44066746.5620117,44847.3907753495
899,328,94280de3-02ad-4a61-84f0-3b3cd1b82812,13849445.8483887,15541.8030572156
900,329,7e681907-12af-4209-8e9f-db871bd46a96,19729161.0112305,41924.7471194956
901,330,6a8efb54-5a3a-4428-947d-244c24a8dc2c,28797364.4707031,48692.2378363187
902,331,d84e01ad-3801-4ed0-b371-e937b3397641,1761690.09790039,5309.75924457952
903,332,ca5ee0c6-0509-40c6-a26e-e1246fed3964,21987026.3874512,39749.1705055856
904,333,e2679246-3a86-405e-baca-64769ea09927,9369421.64794922,32787.6421033763
905,334,865b392c-3573-4333-8315-a5d4784ce315,5368563.875,21723.0645254647
906,340,430c6909-d8c6-45b3-8fb0-b529ccd2f94c,2493676.89111328,6868.04110726629
907,341,b8a4a684-bb36-417b-a023-a866a6fcf447,9520904.87792969,19104.4815787085
908,342,30bf61f2-dd6d-41af-a471-c5cc27f694c5,6923767.82495117,10526.578978262
909,344,001c9727-0d0d-4280-8b96-54eacf050554,924481.385253906,4855.4009017951
910,346,7531485a-99e4-47b4-93e0-677f62c6d6a6,330285.583740234,3887.25857826641
911,348,bf73ae77-6fb2-448b-b04b-5b7c38cd88a7,560957.458007813,3379.32710578385
912,350,9fda583a-a22f-4f71-8268-ba48b374ad3e,41632870.1828613,37323.0587752621
913,351,1644ca21-95f3-446a-80e2-f6845a2aacea,42771212.3125,36139.3114010109
914,352,8554e640-66c1-4aec-be96-1450cc7ea405,21998523.8562012,19371.370831909
915,354,e8bf0ec2-ec1a-4be7-b088-b9fc097036d1,242358644.092529,155652.925813634
916,357,f8e2be98-d06f-442d-b13d-ad0a4b53e074,1960490.82714844,7286.55870998865
917,359,748a2b1a-5b9b-418a-8d24-104c8f578235,17758256.3498535,18548.5858507775
918,360,5ffcd044-48f0-4d6c-b141-94259bfa8740,9386576.38647461,18911.6602115635
919,361,f700122e-2fc6-479f-b9d3-1d5ed179ba9e,101539140.982666,82053.8264065612
920,362,d593f906-09ba-4be8-9a73-e0697fbabc23,3398963.08959961,10938.9647083655
921,363,4b6a06ad-5247-4efd-b199-644b8dfe5958,3387338.23413086,7729.78715905082
922,364,688628b3-52e9-497d-8f78-1cb1b9bb2a4d,16872098.657959,41581.9323715729
923,366,9bb5d816-5dc4-4d78-b4b1-ceb5bc9d7803,23734293.6330566,55264.0871753618
924,367,afeab725-05b1-404e-8bd2-408d4cb56f64,486232.000976563,3432.09683009528
925,368,0b1250f7-3b46-45d5-b79f-20b255dd70d1,23810.3671875,1103.71052110712
926,369,0edd6f2a-12b2-43da-9ef9-9d7ae9e410dd,188241860.887451,87026.3270348902
927,370,91e13a42-0486-4570-8685-d92e16d46d79,13522790.4150391,15764.459713727
928,371,3aff2e38-f018-497a-8a11-23dfbed7f2a4,20056389.4035645,22629.4120359775
929,372,66e06e43-f2e9-4fc5-8393-b6af104f7b80,6940911.32714844,13355.465908141
930,373,03422177-67d7-4102-8a57-d5195c2065d5,478243.776367188,3180.34095421265
931,374,aaa90624-dd61-4098-a0af-1e2a1e15741a,4252649.2199707,12748.7406234734
932,375,79bb2bb0-9a6c-42d4-b506-a30e6e8ffdd9,51634.3061523438,915.289080986756
933,376,946149c0-3a0e-4c0e-9add-419db2a6240e,12776079.0380859,16729.8613528211
934,377,ecc195bc-1bc4-4592-864a-5bd94a952a95,5032090.69897461,10387.3167314141
935,378,fab723f1-f651-4044-826a-ab55224dc2a3,71368590.6054688,43135.8043248088
936,379,34c3863e-7474-469e-b0d0-a15fa16ea6c5,3345034.85351563,7779.33687406616
937,380,ae299410-6034-4ce2-9d50-50746f0e1e40,5085503.86303711,10399.1003698453
938,381,023dce8e-62e8-43a2-bee0-8a85e01d0b74,7247716.83105469,13368.1468292804
939,382,7e156568-66ab-43ce-9680-725a5079c043,60238198.4204102,42671.9642003853
940,383,1ac7c425-635e-4107-a6ab-eaadc4a07b10,12381021.3435059,15976.4315322476
941,384,75dfc9e8-cf2e-4376-b1ea-ba3eabd334c2,6699101.31298828,17882.9859406466
942,385,b51c3f79-2ce5-4a6f-8618-80c96b4da489,39233.9245605469,888.660509672416
943,387,c232b301-3b46-4032-a2c4-aa78dd4aef52,606514.791503906,8259.60581265707
944,388,c9fb29e7-ec48-4fb5-bfbd-3bf5ed639380,3245718.88842773,7443.40964375544
945,389,2b1a5681-9314-4cd4-bdc7-f5285cb66cae,13692227.8457031,34922.0713523258
946,400,ca4aa26a-f9d1-44ad-9c42-041da2e55e97,565072379.258789,134954.829087567
947,402,7f1121d9-0184-4a05-bc20-dd30cc2acdd9,28165778.6418457,21373.6000372924
948,403,c8f71d1c-790e-46f1-aba6-1317a161acf4,28663755.010498,21406.2179839115
949,404,91f829cd-95ed-48b2-ac78-b89fa012cead,2635930.36376953,7547.78834147319
950,405,8237e6e2-fcd1-40bb-9d83-34b6ad948050,658700.387695313,5842.38779273597
951,406,36d13096-de6c-4b48-801e-ff1047886c9c,241139537.418701,87039.8190761943
952,407,575a026b-2f17-4966-967a-0556a2148daa,140832556.386963,63532.7141540773
953,450,aa58b01b-0870-478c-a554-59f356757c84,792675204.256104,146731.745889341
954,451,7edee9bd-e781-47bd-bb92-9df4cbd89544,7585453.37451172,33018.849882416
955,452,d2ac036e-c256-4f0e-849d-a1a6b9049812,7284589.13647461,12610.2195099595
956,454,619c797d-4363-47ea-910a-0a729fc8c0cd,198189367.19165,63830.8041383542
957,455,963bb3da-7e23-46fb-9620-e2396e2e4248,7518872.79785156,30164.7891886631
958,456,5f4ebac4-f136-4b84-a8fb-27737703102f,3361255.90625,15103.0212594283
959,457,c689b004-c688-40e7-b610-69ea88a47092,78490.595703125,1739.40432441249
960,500,782d7f85-1caa-4598-bd5a-5a28dbdb4fca,624442487.692871,211664.836627274
961,502,0d442295-bd10-420a-b5c1-8c51be2e4018,57057285.8659668,89166.2990235506
962,504,56a3bfd9-0d0d-4b3d-aac7-ce5c79292e5a,3460720.9140625,7875.7805417917
963,505,e26600f0-7d2d-4da8-a2c5-104426c866f1,297895577.534912,135767.816844418
964,509,5d129253-5fba-40c8-bbc3-bc1a72ad1975,6768603.42626953,23963.2803293696
965,511,98f7cc4f-7701-4a9b-a233-95fbde6fb64a,25674063.0634766,41587.1939373978
966,514,071276ff-db99-46d1-81c3-e6a52b605282,8447006.70776367,25183.7803745741
967,516,4706a0cb-4ae2-4e0f-8ebe-cff28052f9df,3044822.13647461,7930.41961219469
968,550,ceafa34d-3116-43e1-8113-ef9d550fccd9,9825377.2565918,18364.4568041022
969,551,60248365-7fa4-457d-9d75-97555e869354,978084758.936279,160172.220175374
970,552,32591ea8-f1a2-4364-956b-601c123dcb0f,9034376.70776367,37056.5237871393
971,554,cf03e0f6-4d86-447f-bdaf-887f5afeebea,5797170.2668457,13932.0205889468
972,555,55077645-7c15-43ae-932b-d0575bef2372,11982173.9953613,35070.3069559375
973,600,05110797-c135-44ad-bc38-32ede59d11f0,63118494.5163574,42438.4520873037
974,601,35140890-f84a-4304-bee5-d210d712873f,538056594.731445,170610.218010361
975,602,d0c107c6-bc0f-4801-9339-cc49230932ff,220166429.405762,69292.6267005011
976,603,bb9f5d77-ad70-4965-a545-60a46c970b72,1794398.08447266,6131.58367359933
977,604,acc251ba-eb85-4bd8-bec2-2f340dd3f08c,105983723.330566,55540.1575037845
978,605,016316cb-c9d2-4faf-8d6d-031fde7ba463,251376.833740234,2043.85494361996
979,606,bdef8e24-2cfc-448c-b07a-6eaf55cbfa20,81660412.5217285,66723.4485381035
980,650,e52344d9-380c-467d-acbf-071b14f81590,227691306.322266,87834.9517791844
981,653,9fdfdff5-210b-47c6-b852-a8ac7dfc7df7,116614531.702148,53341.1829859999
982,654,f80d2765-583d-4093-8488-fd8850cf4d00,108410576.325928,66471.5391593128
983,655,18cc4d3a-61fb-4e6c-a6a6-9a3de89b26e4,544345947.286865,109729.908929535
984,656,94ef9078-dbff-439f-a827-f4b840d987ff,87884.3107910156,1183.2827006223
985,657,4de5dc73-ae60-45e5-b00c-1eea574c0f65,21192918.7824707,26667.6761687373
986,694,dd6ce4a4-dc38-4861-88e8-8870a9e8ca6e,2627500.92700195,6946.06610418334
987,695,45153546-bf67-41d1-bceb-a4f4d7353ceb,519460.363769531,3195.81998998637
988,696,d7ea92ac-0bb4-46f0-86d9-acc376592d9d,786012.159179688,3640.5152863967
989,697,380bcbf4-ffaa-4b0a-9c1d-a99d7a304ae2,3701080.06274414,16491.5879432527
990,699,a9c7bdfb-1e45-48e0-be4a-956f7e1912b6,6388922.15307617,19976.9625833205
991,703,1afa4d3f-6d2b-45f1-a9ff-f886471bf51e,453502592.688477,151405.647679739
992,704,59c48dee-4139-46a4-b6f3-5870049863ff,412693094.385254,102483.545740508
993,705,d350ee97-8a00-497c-94ee-bff5517890cd,93530472.5141602,61517.0115460991
994,706,923583d3-7a86-4a59-a13a-63594c112a21,5187354.04418945,17708.0929763798
995,707,09468c2c-8e88-4d75-ba22-8e638691b1ab,7068274.14306641,13303.9331614862
996,708,24f1adff-7d4a-4821-9171-990f66447c27,37869.8471679688,896.17525936858
997,709,99cfbd14-0baf-4591-b557-3083e9bba224,11371178.5888672,37162.4290257143
998,710,5845973a-9cda-42a8-8e67-c8c8ecc94a15,16038948.4916992,27717.9026866326
999,711,ab033519-412a-4d45-8a8a-bac757bc9f15,539119.682128906,2969.80368748736
1000,712,11508b93-a205-4051-b7fb-24bb752310cc,103170.749511719,2677.41033467615
1001,713,d2e981f8-ed8e-438a-8132-4bc08b23f35c,19220819.017334,35603.2170589751
1002,752,055eb643-e280-4cfc-9113-b720e69fccd3,62295636.2148438,66632.7893934603
1003,753,a84affcf-b2c1-4f93-b0ed-ff99558b7818,25302362.9274902,29623.5331929584
1004,754,5f55f9e7-0d14-4881-80ef-e0de1b5692ab,39644707.8266602,29796.0781807231
1005,755,883164d0-166c-4a26-a4f9-8ca090a89d25,872248110.814209,165758.166464107
1006,756,c3ec20c4-cd5f-4b04-9db8-f2948ce750f4,75193.8642578125,1198.07642808428
1007,757,886c0e23-5bfc-44b0-9a72-a2ca5bb892f3,1619489.77148438,5809.14888580399
1008,800,c690b0a9-a710-4eff-892e-38668ad12db3,674512182.049561,137175.632096038
1009,801,30ada4ce-d6d4-4cf9-b168-caa8adff8423,155511230.419189,81042.9947417057
1010,802,5ee20447-ee96-45d8-bd88-0c479ba40d25,112710629.480713,90814.8699886374
1011,805,5b4a31a2-4dfb-49ec-b5be-7c1dd7b36943,78544319.0114746,77771.992664541
1012,850,2b01d6ea-6444-42d9-bee2-8e39184d0ccb,22080043.9406738,38519.2044421447
1013,851,f9500fe5-167c-4e62-be44-025bedc23222,744966727.416504,169943.533355
1014,852,3ae5c4b5-bb4d-422c-bc06-35448c842051,989899.009521484,13422.6572867571
1015,854,23b672e9-8bdc-41aa-a480-57234365607c,32882080.1520996,41515.5662578189
1016,855,d0cbd66c-5c47-4f99-a587-21b2f4f4b64d,3778435.77392578,8178.27219953308
1017,856,9825f0c3-6ff7-4b3f-8688-4dc8b1d30433,7907253.97802734,16580.5009916033
1018,857,904d1b94-6d25-4389-bbe1-9460ccea0578,1265788.4140625,12616.514702365
1019,858,191b3016-b016-4a02-ab75-3659917ddfd4,9499108.68261719,17121.4659729282
1020,859,3cb1db8a-2a9c-490d-aeca-5f5b3849a087,190414587.197754,61681.0842687788
1021,860,161f2070-b4bb-4929-b3a2-0ef0f7d02a65,2629022.06518555,7964.81098038897
1022,900,9c50ae9f-f7e4-4306-bd47-e70dab0d4960,826135727.446533,190916.812809348
1023,901,36b959db-0a58-44f3-9309-b23232213737,39186224.3483887,54607.3908437599
1024,902,e4bb42c1-8a60-4cc9-961e-b4496d7d4b72,806220.499023438,5609.57601859941
1025,903,39f55252-ad19-41b2-991a-86cc51b539b5,6987361.93041992,10573.4601463838
1026,905,e2a94b3a-7b47-4824-a257-0eecf8090baa,20393106.6376953,43052.5345349765
1027,908,2aa2d264-9d0a-47ea-8a6a-e5f06c601de0,76888465.8552246,42427.6370172276
1028,910,2c760a4c-8a3a-4455-8fbb-22a275a1c988,36557175.59375,30222.3113371683
1029,911,5c8e76fe-60e6-47ed-8948-b184d55cacb1,6348804.11352539,11160.5459289567
1030,913,77520488-1c53-42cb-8e5b-ddf779d69ee7,4294545.30541992,14703.4545952562
1031,950,c595c953-c46b-4792-85ad-b47902bad190,447133853.032959,141089.758735652
1032,951,b8eec97d-7c59-42b1-893e-f9462979dfa0,207983707.293701,94425.4505583325
1033,954,8ad8cdc0-7a05-45da-bf53-c0756af058c6,343159354.11499,91225.1149554939
1034,955,9b339721-32b4-46ca-a380-fa1be3d3d3b6,4681320.06762695,9891.58057431941
1035,956,ce8f2908-67a5-44f0-aa64-c184b9b0132e,405842.664306641,3007.18928883763
1036,957,a2dbfe46-ad38-46a0-9478-b0299baf62e4,217298.549560547,2190.46078314519
1037,958,118d4b44-8def-416d-9819-43fccfd5f32e,221514.281982422,2907.15936029975
1038,960,cb4b9dd4-64b2-46f3-ab89-0b3e9abcdc0e,319087.256103516,2934.54209139116
