ID Race,Race,ID Year,Year,ID Poverty Status,Poverty Status,Poverty Population,Poverty Population Moe,Geography,ID Geography,Slug Geography,share
2,"Black",2013,"2013",0,"Income In The Past 12 Months Below Poverty Level",12879,729.8212109825255,"Peoria, IL","16000US1759000","peoria-il",0.4811701412239408
2,"Black",2015,"2015",0,"Income In The Past 12 Months Below Poverty Level",12217,688.1693105624516,"Peoria, IL","16000US1759000","peoria-il",0.45137811276139805
2,"Black",2014,"2014",0,"Income In The Past 12 Months Below Poverty Level",11862,679.2230855911774,"Peoria, IL","16000US1759000","peoria-il",0.44661144578313255
2,"Black",2016,"2016",0,"Income In The Past 12 Months Below Poverty Level",11421,677.4068201605295,"Peoria, IL","16000US1759000","peoria-il",0.43256448130894215
2,"Black",2017,"2017",0,"Income In The Past 12 Months Below Poverty Level",10688,696.7165851334386,"Peoria, IL","16000US1759000","peoria-il",0.4221835993047875
1,"White",2014,"2014",0,"Income In The Past 12 Months Below Poverty Level",10587,716.3413990549478,"Peoria, IL","16000US1759000","peoria-il",0.3986069277108434
1,"White",2015,"2015",0,"Income In The Past 12 Months Below Poverty Level",10545,737.6787918870923,"Peoria, IL","16000US1759000","peoria-il",0.38960319219685213
1,"White",2016,"2016",0,"Income In The Past 12 Months Below Poverty Level",10341,708.8081545806311,"Peoria, IL","16000US1759000","peoria-il",0.39166003863197363
1,"White",2017,"2017",0,"Income In The Past 12 Months Below Poverty Level",10262,769.5388229322807,"Peoria, IL","16000US1759000","peoria-il",0.4053562964133354
1,"White",2013,"2013",0,"Income In The Past 12 Months Below Poverty Level",9457,689.8637546646438,"Peoria, IL","16000US1759000","peoria-il",0.3533213778674438
9,"Hispanic",2016,"2016",0,"Income In The Past 12 Months Below Poverty Level",2131,264.7678228184082,"Peoria, IL","16000US1759000","peoria-il",0.08071052531909252
9,"Hispanic",2017,"2017",0,"Income In The Past 12 Months Below Poverty Level",2073,300.6692534995888,"Peoria, IL","16000US1759000","peoria-il",0.08188497392953073
9,"Hispanic",2015,"2015",0,"Income In The Past 12 Months Below Poverty Level",1999,249.925989044757,"Peoria, IL","16000US1759000","peoria-il",0.07385649892854504
9,"Hispanic",2013,"2013",0,"Income In The Past 12 Months Below Poverty Level",1791,265.87214972614186,"Peoria, IL","16000US1759000","peoria-il",0.06691324815063887
9,"Hispanic",2014,"2014",0,"Income In The Past 12 Months Below Poverty Level",1756,245.10813939973517,"Peoria, IL","16000US1759000","peoria-il",0.0661144578313253
7,"Two Or More",2013,"2013",0,"Income In The Past 12 Months Below Poverty Level",1324,306.1976485866605,"Peoria, IL","16000US1759000","peoria-il",0.04946574011806022
7,"Two Or More",2016,"2016",0,"Income In The Past 12 Months Below Poverty Level",1200,271.5805589507467,"Peoria, IL","16000US1759000","peoria-il",0.045449380752187254
7,"Two Or More",2014,"2014",0,"Income In The Past 12 Months Below Poverty Level",1189,249.04818810824543,"Peoria, IL","16000US1759000","peoria-il",0.04476656626506024
7,"Two Or More",2015,"2015",0,"Income In The Past 12 Months Below Poverty Level",1161,251.0995818395562,"Peoria, IL","16000US1759000","peoria-il",0.0428951452006207
7,"Two Or More",2017,"2017",0,"Income In The Past 12 Months Below Poverty Level",1121,261.44597912379527,"Peoria, IL","16000US1759000","peoria-il",0.04428029704534681
4,"Asian",2016,"2016",0,"Income In The Past 12 Months Below Poverty Level",656,203.11573055772908,"Peoria, IL","16000US1759000","peoria-il",0.024845661477862366
4,"Asian",2017,"2017",0,"Income In The Past 12 Months Below Poverty Level",635,202.68448386593386,"Peoria, IL","16000US1759000","peoria-il",0.025082951493126875
4,"Asian",2013,"2013",0,"Income In The Past 12 Months Below Poverty Level",583,174.15797426474617,"Peoria, IL","16000US1759000","peoria-il",0.021781364417544646
4,"Asian",2015,"2015",0,"Income In The Past 12 Months Below Poverty Level",577,174.4448336867561,"Peoria, IL","16000US1759000","peoria-il",0.021318259070420453
4,"Asian",2014,"2014",0,"Income In The Past 12 Months Below Poverty Level",571,168.63273703525067,"Peoria, IL","16000US1759000","peoria-il",0.021498493975903615
6,"Other",2013,"2013",0,"Income In The Past 12 Months Below Poverty Level",551,174.2067736914957,"Peoria, IL","16000US1759000","peoria-il",0.020585817828588506
6,"Other",2017,"2017",0,"Income In The Past 12 Months Below Poverty Level",501,145.39944979263163,"Peoria, IL","16000US1759000","peoria-il",0.019789856217411913
6,"Other",2016,"2016",0,"Income In The Past 12 Months Below Poverty Level",479,145.9349170006959,"Peoria, IL","16000US1759000","peoria-il",0.018141877816914745
6,"Other",2015,"2015",0,"Income In The Past 12 Months Below Poverty Level",392,118.28355760628777,"Peoria, IL","16000US1759000","peoria-il",0.014483115347668662
6,"Other",2014,"2014",0,"Income In The Past 12 Months Below Poverty Level",374,121.43310915891102,"Peoria, IL","16000US1759000","peoria-il",0.014081325301204818
3,"Native American",2014,"2014",0,"Income In The Past 12 Months Below Poverty Level",215,137.93839204514455,"Peoria, IL","16000US1759000","peoria-il",0.00809487951807229
3,"Native American",2013,"2013",0,"Income In The Past 12 Months Below Poverty Level",181,135.5949851580065,"Peoria, IL","16000US1759000","peoria-il",0.006762310393783158
3,"Native American",2016,"2016",0,"Income In The Past 12 Months Below Poverty Level",171,121.2435565298214,"Peoria, IL","16000US1759000","peoria-il",0.006476536757186684
3,"Native American",2015,"2015",0,"Income In The Past 12 Months Below Poverty Level",170,128.39003076563225,"Peoria, IL","16000US1759000","peoria-il",0.006280942880366512
3,"Native American",2017,"2017",0,"Income In The Past 12 Months Below Poverty Level",31,124.92397688194208,"Peoria, IL","16000US1759000","peoria-il",0.0012245220413967452
5,"Pacific Islander",2014,"2014",0,"Income In The Past 12 Months Below Poverty Level",6,130.31116606031887,"Peoria, IL","16000US1759000","peoria-il",0.00022590361445783133
5,"Pacific Islander",2015,"2015",0,"Income In The Past 12 Months Below Poverty Level",5,130.2459212413195,"Peoria, IL","16000US1759000","peoria-il",0.00018473361412842682
5,"Pacific Islander",2017,"2017",0,"Income In The Past 12 Months Below Poverty Level",5,130.2459212413195,"Peoria, IL","16000US1759000","peoria-il",0.00019750355506399116
5,"Pacific Islander",2016,"2016",0,"Income In The Past 12 Months Below Poverty Level",4,130.2459212413195,"Peoria, IL","16000US1759000","peoria-il",0.00015149793584062418
5,"Pacific Islander",2013,"2013",0,"Income In The Past 12 Months Below Poverty Level",0,137.6735268670052,"Peoria, IL","16000US1759000","peoria-il",0