ID Age,Age,ID Gender,Gender,ID Year,Year,ID Poverty Status,Poverty Status,Poverty Population,Poverty Population Moe,Geography,ID Geography,Slug Geography,share
3,"12 to 14 Years",0,"Male",2017,"2017",0,"Income In The Past 12 Months Below Poverty Level",366,134,"Peoria, IL","16000US1759000","peoria-il",0.015746676418706706
12,"75 Years & Over",1,"Female",2017,"2017",0,"Income In The Past 12 Months Below Poverty Level",617,132,"Peoria, IL","16000US1759000","peoria-il",0.026545626640278795
12,"75 Years & Over",0,"Male",2017,"2017",0,"Income In The Past 12 Months Below Poverty Level",134,63.00000000000001,"Peoria, IL","16000US1759000","peoria-il",0.005765176612313384
0,"Under 5 Years",1,"Female",2017,"2017",0,"Income In The Past 12 Months Below Poverty Level",1373,248,"Peoria, IL","16000US1759000","peoria-il",0.05907154842318117
11,"65 to 74 Years",1,"Female",2017,"2017",0,"Income In The Past 12 Months Below Poverty Level",586,127,"Peoria, IL","16000US1759000","peoria-il",0.02521189175235555
1,"5 Years",0,"Male",2017,"2017",0,"Income In The Past 12 Months Below Poverty Level",187,89,"Peoria, IL","16000US1759000","peoria-il",0.008045433033601515
11,"65 to 74 Years",0,"Male",2017,"2017",0,"Income In The Past 12 Months Below Poverty Level",291,80,"Peoria, IL","16000US1759000","peoria-il",0.012519898464053693
1,"5 Years",1,"Female",2017,"2017",0,"Income In The Past 12 Months Below Poverty Level",231,91,"Peoria, IL","16000US1759000","peoria-il",0.009938476100331283
10,"55 to 64 Years",1,"Female",2017,"2017",0,"Income In The Past 12 Months Below Poverty Level",1035,180,"Peoria, IL","16000US1759000","peoria-il",0.04452953577421159
2,"6 to 11 Years",0,"Male",2017,"2017",0,"Income In The Past 12 Months Below Poverty Level",1306,290,"Peoria, IL","16000US1759000","peoria-il",0.05618896011702448
10,"55 to 64 Years",0,"Male",2017,"2017",0,"Income In The Past 12 Months Below Poverty Level",994,165,"Peoria, IL","16000US1759000","peoria-il",0.04276556382566794
2,"6 to 11 Years",1,"Female",2017,"2017",0,"Income In The Past 12 Months Below Poverty Level",1400,345,"Peoria, IL","16000US1759000","peoria-il",0.06023318848685626
9,"45 to 54 Years",1,"Female",2017,"2017",0,"Income In The Past 12 Months Below Poverty Level",1220,253,"Peoria, IL","16000US1759000","peoria-il",0.052488921395689024
0,"Under 5 Years",0,"Male",2017,"2017",0,"Income In The Past 12 Months Below Poverty Level",1562,275,"Peoria, IL","16000US1759000","peoria-il",0.06720302886890676
9,"45 to 54 Years",0,"Male",2017,"2017",0,"Income In The Past 12 Months Below Poverty Level",933,203,"Peoria, IL","16000US1759000","peoria-il",0.04014111775588349
3,"12 to 14 Years",1,"Female",2017,"2017",0,"Income In The Past 12 Months Below Poverty Level",637,230,"Peoria, IL","16000US1759000","peoria-il",0.027406100761519597
8,"35 to 44 Years",1,"Female",2017,"2017",0,"Income In The Past 12 Months Below Poverty Level",1164,212,"Peoria, IL","16000US1759000","peoria-il",0.05007959385621477
4,"15 Years",0,"Male",2017,"2017",0,"Income In The Past 12 Months Below Poverty Level",95,57.00000000000001,"Peoria, IL","16000US1759000","peoria-il",0.004087252075893818
8,"35 to 44 Years",0,"Male",2017,"2017",0,"Income In The Past 12 Months Below Poverty Level",1105,283,"Peoria, IL","16000US1759000","peoria-il",0.0475411951985544
4,"15 Years",1,"Female",2017,"2017",0,"Income In The Past 12 Months Below Poverty Level",216,103,"Peoria, IL","16000US1759000","peoria-il",0.00929312050940068
7,"25 to 34 Years",1,"Female",2017,"2017",0,"Income In The Past 12 Months Below Poverty Level",2369,338,"Peoria, IL","16000US1759000","peoria-il",0.10192315966097319
5,"16 & 17 Years",0,"Male",2017,"2017",0,"Income In The Past 12 Months Below Poverty Level",256,147,"Peoria, IL","16000US1759000","peoria-il",0.011014068751882287
7,"25 to 34 Years",0,"Male",2017,"2017",0,"Income In The Past 12 Months Below Poverty Level",1200,232.99999999999997,"Peoria, IL","16000US1759000","peoria-il",0.05162844727444822
5,"16 & 17 Years",1,"Female",2017,"2017",0,"Income In The Past 12 Months Below Poverty Level",253,102,"Peoria, IL","16000US1759000","peoria-il",0.010884997633696167
6,"18 to 24 Years",1,"Female",2017,"2017",0,"Income In The Past 12 Months Below Poverty Level",2134,323,"Peoria, IL","16000US1759000","peoria-il",0.09181258873639375
6,"18 to 24 Years",0,"Male",2017,"2017",0,"Income In The Past 12 Months Below Poverty Level",1579,250,"Peoria, IL","16000US1759000","peoria-il",0.06793443187196145
3,"12 to 14 Years",0,"Male",2016,"2016",0,"Income In The Past 12 Months Below Poverty Level",414,136,"Peoria, IL","16000US1759000","peoria-il",0.01705669083717864
11,"65 to 74 Years",0,"Male",2016,"2016",0,"Income In The Past 12 Months Below Poverty Level",330,88,"Peoria, IL","16000US1759000","peoria-il",0.013595912986156889
1,"5 Years",1,"Female",2016,"2016",0,"Income In The Past 12 Months Below Poverty Level",208,81,"Peoria, IL","16000US1759000","peoria-il",0.008569545154911009
9,"45 to 54 Years",0,"Male",2016,"2016",0,"Income In The Past 12 Months Below Poverty Level",1023,138,"Peoria, IL","16000US1759000","peoria-il",0.042147330257086356
3,"12 to 14 Years",1,"Female",2016,"2016",0,"Income In The Past 12 Months Below Poverty Level",785,190,"Peoria, IL","16000US1759000","peoria-il",0.03234179301252472
12,"75 Years & Over",1,"Female",2016,"2016",0,"Income In The Past 12 Months Below Poverty Level",585,144,"Peoria, IL","16000US1759000","peoria-il",0.02410184574818721
0,"Under 5 Years",0,"Male",2016,"2016",0,"Income In The Past 12 Months Below Poverty Level",1600,265,"Peoria, IL","16000US1759000","peoria-il",0.06591957811470006
8,"35 to 44 Years",1,"Female",2016,"2016",0,"Income In The Past 12 Months Below Poverty Level",1111,199,"Peoria, IL","16000US1759000","peoria-il",0.04577290705339486
4,"15 Years",0,"Male",2016,"2016",0,"Income In The Past 12 Months Below Poverty Level",90,51,"Peoria, IL","16000US1759000","peoria-il",0.0037079762689518785
10,"55 to 64 Years",1,"Female",2016,"2016",0,"Income In The Past 12 Months Below Poverty Level",961,164,"Peoria, IL","16000US1759000","peoria-il",0.039592946605141725
2,"6 to 11 Years",0,"Male",2016,"2016",0,"Income In The Past 12 Months Below Poverty Level",1506,320,"Peoria, IL","16000US1759000","peoria-il",0.06204680290046144
8,"35 to 44 Years",0,"Male",2016,"2016",0,"Income In The Past 12 Months Below Poverty Level",1184,271,"Peoria, IL","16000US1759000","peoria-il",0.04878048780487805
4,"15 Years",1,"Female",2016,"2016",0,"Income In The Past 12 Months Below Poverty Level",196,75,"Peoria, IL","16000US1759000","peoria-il",0.008075148319050759
11,"65 to 74 Years",1,"Female",2016,"2016",0,"Income In The Past 12 Months Below Poverty Level",606,143,"Peoria, IL","16000US1759000","peoria-il",0.02496704021094265
1,"5 Years",0,"Male",2016,"2016",0,"Income In The Past 12 Months Below Poverty Level",209,91,"Peoria, IL","16000US1759000","peoria-il",0.008610744891232695
7,"25 to 34 Years",1,"Female",2016,"2016",0,"Income In The Past 12 Months Below Poverty Level",2264,318,"Peoria, IL","16000US1759000","peoria-il",0.0932762030323006
5,"16 & 17 Years",0,"Male",2016,"2016",0,"Income In The Past 12 Months Below Poverty Level",263,111,"Peoria, IL","16000US1759000","peoria-il",0.010835530652603823
10,"55 to 64 Years",0,"Male",2016,"2016",0,"Income In The Past 12 Months Below Poverty Level",962,181,"Peoria, IL","16000US1759000","peoria-il",0.039634146341463415
2,"6 to 11 Years",1,"Female",2016,"2016",0,"Income In The Past 12 Months Below Poverty Level",1428,314,"Peoria, IL","16000US1759000","peoria-il",0.058833223467369807
7,"25 to 34 Years",0,"Male",2016,"2016",0,"Income In The Past 12 Months Below Poverty Level",1201,228.00000000000003,"Peoria, IL","16000US1759000","peoria-il",0.049480883322346736
5,"16 & 17 Years",1,"Female",2016,"2016",0,"Income In The Past 12 Months Below Poverty Level",274,105,"Peoria, IL","16000US1759000","peoria-il",0.011288727752142387
12,"75 Years & Over",0,"Male",2016,"2016",0,"Income In The Past 12 Months Below Poverty Level",109,71,"Peoria, IL","16000US1759000","peoria-il",0.004490771259063942
0,"Under 5 Years",1,"Female",2016,"2016",0,"Income In The Past 12 Months Below Poverty Level",1481,227.00000000000003,"Peoria, IL","16000US1759000","peoria-il",0.06101680949241925
6,"18 to 24 Years",1,"Female",2016,"2016",0,"Income In The Past 12 Months Below Poverty Level",2579,315,"Peoria, IL","16000US1759000","peoria-il",0.10625411997363217
6,"18 to 24 Years",0,"Male",2016,"2016",0,"Income In The Past 12 Months Below Poverty Level",1694,278,"Peoria, IL","16000US1759000","peoria-il",0.0697923533289387
9,"45 to 54 Years",1,"Female",2016,"2016",0,"Income In The Past 12 Months Below Poverty Level",1209,213.99999999999997,"Peoria, IL","16000US1759000","peoria-il",0.04981048121292024
9,"45 to 54 Years",1,"Female",2015,"2015",0,"Income In The Past 12 Months Below Poverty Level",1204,197,"Peoria, IL","16000US1759000","peoria-il",0.04803127617983803
0,"Under 5 Years",0,"Male",2015,"2015",0,"Income In The Past 12 Months Below Poverty Level",1739,232.99999999999997,"Peoria, IL","16000US1759000","peoria-il",0.06937407747237403
6,"18 to 24 Years",1,"Female",2015,"2015",0,"Income In The Past 12 Months Below Poverty Level",2736,355,"Peoria, IL","16000US1759000","peoria-il",0.1091474847408944
6,"18 to 24 Years",0,"Male",2015,"2015",0,"Income In The Past 12 Months Below Poverty Level",1608,267,"Peoria, IL","16000US1759000","peoria-il",0.06414808313719232
12,"75 Years & Over",1,"Female",2015,"2015",0,"Income In The Past 12 Months Below Poverty Level",470,121,"Peoria, IL","16000US1759000","peoria-il",0.0187497506682092
0,"Under 5 Years",1,"Female",2015,"2015",0,"Income In The Past 12 Months Below Poverty Level",1631,234.00000000000003,"Peoria, IL","16000US1759000","peoria-il",0.06506562412733873
7,"25 to 34 Years",0,"Male",2015,"2015",0,"Income In The Past 12 Months Below Poverty Level",1254,228.00000000000003,"Peoria, IL","16000US1759000","peoria-il",0.050025930506243266
5,"16 & 17 Years",1,"Female",2015,"2015",0,"Income In The Past 12 Months Below Poverty Level",322,138,"Peoria, IL","16000US1759000","peoria-il",0.012845573862049707
12,"75 Years & Over",0,"Male",2015,"2015",0,"Income In The Past 12 Months Below Poverty Level",123,53,"Peoria, IL","16000US1759000","peoria-il",0.004906849642956876
1,"5 Years",0,"Male",2015,"2015",0,"Income In The Past 12 Months Below Poverty Level",244,105,"Peoria, IL","16000US1759000","peoria-il",0.009733913112857541
7,"25 to 34 Years",1,"Female",2015,"2015",0,"Income In The Past 12 Months Below Poverty Level",2339,294,"Peoria, IL","16000US1759000","peoria-il",0.09330992938923685
5,"16 & 17 Years",0,"Male",2015,"2015",0,"Income In The Past 12 Months Below Poverty Level",281,114.00000000000001,"Peoria, IL","16000US1759000","peoria-il",0.011209957314397416
11,"65 to 74 Years",1,"Female",2015,"2015",0,"Income In The Past 12 Months Below Poverty Level",636,150,"Peoria, IL","16000US1759000","peoria-il",0.025372003031874577
1,"5 Years",1,"Female",2015,"2015",0,"Income In The Past 12 Months Below Poverty Level",201,89,"Peoria, IL","16000US1759000","peoria-il",0.00801851039214904
8,"35 to 44 Years",0,"Male",2015,"2015",0,"Income In The Past 12 Months Below Poverty Level",1257,303,"Peoria, IL","16000US1759000","peoria-il",0.05014560976582758
4,"15 Years",1,"Female",2015,"2015",0,"Income In The Past 12 Months Below Poverty Level",198,83,"Peoria, IL","16000US1759000","peoria-il",0.007898831132564727
11,"65 to 74 Years",0,"Male",2015,"2015",0,"Income In The Past 12 Months Below Poverty Level",348,81,"Peoria, IL","16000US1759000","peoria-il",0.013882794111780429
2,"6 to 11 Years",0,"Male",2015,"2015",0,"Income In The Past 12 Months Below Poverty Level",1556,278,"Peoria, IL","16000US1759000","peoria-il",0.06207364263773088
8,"35 to 44 Years",1,"Female",2015,"2015",0,"Income In The Past 12 Months Below Poverty Level",1114,218,"Peoria, IL","16000US1759000","peoria-il",0.044440898392308616
4,"15 Years",0,"Male",2015,"2015",0,"Income In The Past 12 Months Below Poverty Level",150,87,"Peoria, IL","16000US1759000","peoria-il",0.005983962979215702
10,"55 to 64 Years",1,"Female",2015,"2015",0,"Income In The Past 12 Months Below Poverty Level",901,144,"Peoria, IL","16000US1759000","peoria-il",0.03594367096182231
2,"6 to 11 Years",1,"Female",2015,"2015",0,"Income In The Past 12 Months Below Poverty Level",1575,308,"Peoria, IL","16000US1759000","peoria-il",0.06283161128176487
9,"45 to 54 Years",0,"Male",2015,"2015",0,"Income In The Past 12 Months Below Poverty Level",1125,182,"Peoria, IL","16000US1759000","peoria-il",0.044879722344117766
3,"12 to 14 Years",1,"Female",2015,"2015",0,"Income In The Past 12 Months Below Poverty Level",762,164,"Peoria, IL","16000US1759000","peoria-il",0.030398531934415766
10,"55 to 64 Years",0,"Male",2015,"2015",0,"Income In The Past 12 Months Below Poverty Level",817,139,"Peoria, IL","16000US1759000","peoria-il",0.032592651693461525
3,"12 to 14 Years",0,"Male",2015,"2015",0,"Income In The Past 12 Months Below Poverty Level",476,155,"Peoria, IL","16000US1759000","peoria-il",0.01898910918737783
8,"35 to 44 Years",0,"Male",2014,"2014",0,"Income In The Past 12 Months Below Poverty Level",1231,230,"Peoria, IL","16000US1759000","peoria-il",0.04962909208192227
6,"18 to 24 Years",1,"Female",2014,"2014",0,"Income In The Past 12 Months Below Poverty Level",2810,304,"Peoria, IL","16000US1759000","peoria-il",0.11328817932591517
3,"12 to 14 Years",0,"Male",2014,"2014",0,"Income In The Past 12 Months Below Poverty Level",569,171,"Peoria, IL","16000US1759000","peoria-il",0.022939848411546525
10,"55 to 64 Years",0,"Male",2014,"2014",0,"Income In The Past 12 Months Below Poverty Level",771,149,"Peoria, IL","16000US1759000","peoria-il",0.031083696178035802
3,"12 to 14 Years",1,"Female",2014,"2014",0,"Income In The Past 12 Months Below Poverty Level",668,177,"Peoria, IL","16000US1759000","peoria-il",0.026931140138687307
9,"45 to 54 Years",0,"Male",2014,"2014",0,"Income In The Past 12 Months Below Poverty Level",1061,240.00000000000003,"Peoria, IL","16000US1759000","peoria-il",0.04277535881309466
2,"6 to 11 Years",1,"Female",2014,"2014",0,"Income In The Past 12 Months Below Poverty Level",1458,312,"Peoria, IL","16000US1759000","peoria-il",0.05878084179970972
10,"55 to 64 Years",1,"Female",2014,"2014",0,"Income In The Past 12 Months Below Poverty Level",1011,163,"Peoria, IL","16000US1759000","peoria-il",0.040759554910498305
4,"15 Years",0,"Male",2014,"2014",0,"Income In The Past 12 Months Below Poverty Level",147,94,"Peoria, IL","16000US1759000","peoria-il",0.005926463473633285
8,"35 to 44 Years",1,"Female",2014,"2014",0,"Income In The Past 12 Months Below Poverty Level",1210,213.99999999999997,"Peoria, IL","16000US1759000","peoria-il",0.0487824544428318
2,"6 to 11 Years",0,"Male",2014,"2014",0,"Income In The Past 12 Months Below Poverty Level",1541,269,"Peoria, IL","16000US1759000","peoria-il",0.06212707627801967
11,"65 to 74 Years",0,"Male",2014,"2014",0,"Income In The Past 12 Months Below Poverty Level",284,86,"Peoria, IL","16000US1759000","peoria-il",0.011449766166747298
4,"15 Years",1,"Female",2014,"2014",0,"Income In The Past 12 Months Below Poverty Level",232,96,"Peoria, IL","16000US1759000","peoria-il",0.009353330108047089
9,"45 to 54 Years",1,"Female",2014,"2014",0,"Income In The Past 12 Months Below Poverty Level",1118,196,"Peoria, IL","16000US1759000","peoria-il",0.04507337526205451
1,"5 Years",1,"Female",2014,"2014",0,"Income In The Past 12 Months Below Poverty Level",233,82,"Peoria, IL","16000US1759000","peoria-il",0.009393646186099017
11,"65 to 74 Years",1,"Female",2014,"2014",0,"Income In The Past 12 Months Below Poverty Level",592,121,"Peoria, IL","16000US1759000","peoria-il",0.02386711820674085
5,"16 & 17 Years",0,"Male",2014,"2014",0,"Income In The Past 12 Months Below Poverty Level",280,119,"Peoria, IL","16000US1759000","peoria-il",0.01128850185453959
7,"25 to 34 Years",1,"Female",2014,"2014",0,"Income In The Past 12 Months Below Poverty Level",2292,332,"Peoria, IL","16000US1759000","peoria-il",0.09240445089501693
1,"5 Years",0,"Male",2014,"2014",0,"Income In The Past 12 Months Below Poverty Level",288,97,"Peoria, IL","16000US1759000","peoria-il",0.011611030478955007
12,"75 Years & Over",0,"Male",2014,"2014",0,"Income In The Past 12 Months Below Poverty Level",135,64,"Peoria, IL","16000US1759000","peoria-il",0.00544267053701016
5,"16 & 17 Years",1,"Female",2014,"2014",0,"Income In The Past 12 Months Below Poverty Level",310,119,"Peoria, IL","16000US1759000","peoria-il",0.012497984196097404
7,"25 to 34 Years",0,"Male",2014,"2014",0,"Income In The Past 12 Months Below Poverty Level",1252,200,"Peoria, IL","16000US1759000","peoria-il",0.05047572972101274
0,"Under 5 Years",1,"Female",2014,"2014",0,"Income In The Past 12 Months Below Poverty Level",1593,235,"Peoria, IL","16000US1759000","peoria-il",0.06422351233671988
12,"75 Years & Over",1,"Female",2014,"2014",0,"Income In The Past 12 Months Below Poverty Level",486,128,"Peoria, IL","16000US1759000","peoria-il",0.019593613933236574
6,"18 to 24 Years",0,"Male",2014,"2014",0,"Income In The Past 12 Months Below Poverty Level",1498,270,"Peoria, IL","16000US1759000","peoria-il",0.06039348492178681
0,"Under 5 Years",0,"Male",2014,"2014",0,"Income In The Past 12 Months Below Poverty Level",1734,270,"Peoria, IL","16000US1759000","peoria-il",0.0699080793420416
5,"16 & 17 Years",1,"Female",2013,"2013",0,"Income In The Past 12 Months Below Poverty Level",417,148,"Peoria, IL","16000US1759000","peoria-il",0.016696696696696697
10,"55 to 64 Years",1,"Female",2013,"2013",0,"Income In The Past 12 Months Below Poverty Level",1002,186,"Peoria, IL","16000US1759000","peoria-il",0.04012012012012012
8,"35 to 44 Years",1,"Female",2013,"2013",0,"Income In The Past 12 Months Below Poverty Level",1268,197,"Peoria, IL","16000US1759000","peoria-il",0.05077077077077077
3,"12 to 14 Years",1,"Female",2013,"2013",0,"Income In The Past 12 Months Below Poverty Level",675,186,"Peoria, IL","16000US1759000","peoria-il",0.02702702702702703
7,"25 to 34 Years",0,"Male",2013,"2013",0,"Income In The Past 12 Months Below Poverty Level",1231,270,"Peoria, IL","16000US1759000","peoria-il",0.04928928928928929
4,"15 Years",1,"Female",2013,"2013",0,"Income In The Past 12 Months Below Poverty Level",226,78,"Peoria, IL","16000US1759000","peoria-il",0.00904904904904905
11,"65 to 74 Years",0,"Male",2013,"2013",0,"Income In The Past 12 Months Below Poverty Level",291,88,"Peoria, IL","16000US1759000","peoria-il",0.011651651651651652
1,"5 Years",0,"Male",2013,"2013",0,"Income In The Past 12 Months Below Poverty Level",272,104,"Peoria, IL","16000US1759000","peoria-il",0.01089089089089089
9,"45 to 54 Years",0,"Male",2013,"2013",0,"Income In The Past 12 Months Below Poverty Level",971,199,"Peoria, IL","16000US1759000","peoria-il",0.03887887887887888
0,"Under 5 Years",0,"Male",2013,"2013",0,"Income In The Past 12 Months Below Poverty Level",1885,231.99999999999997,"Peoria, IL","16000US1759000","peoria-il",0.07547547547547548
6,"18 to 24 Years",0,"Male",2013,"2013",0,"Income In The Past 12 Months Below Poverty Level",1545,240.00000000000003,"Peoria, IL","16000US1759000","peoria-il",0.061861861861861864
11,"65 to 74 Years",1,"Female",2013,"2013",0,"Income In The Past 12 Months Below Poverty Level",530,118,"Peoria, IL","16000US1759000","peoria-il",0.02122122122122122
7,"25 to 34 Years",1,"Female",2013,"2013",0,"Income In The Past 12 Months Below Poverty Level",2194,315,"Peoria, IL","16000US1759000","peoria-il",0.08784784784784785
3,"12 to 14 Years",0,"Male",2013,"2013",0,"Income In The Past 12 Months Below Poverty Level",632,189,"Peoria, IL","16000US1759000","peoria-il",0.025305305305305306
9,"45 to 54 Years",1,"Female",2013,"2013",0,"Income In The Past 12 Months Below Poverty Level",1167,231.99999999999997,"Peoria, IL","16000US1759000","peoria-il",0.046726726726726724
1,"5 Years",1,"Female",2013,"2013",0,"Income In The Past 12 Months Below Poverty Level",287,87,"Peoria, IL","16000US1759000","peoria-il",0.011491491491491491
12,"75 Years & Over",0,"Male",2013,"2013",0,"Income In The Past 12 Months Below Poverty Level",165,74,"Peoria, IL","16000US1759000","peoria-il",0.006606606606606606
5,"16 & 17 Years",0,"Male",2013,"2013",0,"Income In The Past 12 Months Below Poverty Level",227,81,"Peoria, IL","16000US1759000","peoria-il",0.009089089089089088
4,"15 Years",0,"Male",2013,"2013",0,"Income In The Past 12 Months Below Poverty Level",153,84,"Peoria, IL","16000US1759000","peoria-il",0.006126126126126126
8,"35 to 44 Years",0,"Male",2013,"2013",0,"Income In The Past 12 Months Below Poverty Level",1111,249,"Peoria, IL","16000US1759000","peoria-il",0.044484484484484485
10,"55 to 64 Years",0,"Male",2013,"2013",0,"Income In The Past 12 Months Below Poverty Level",725,129,"Peoria, IL","16000US1759000","peoria-il",0.02902902902902903
12,"75 Years & Over",1,"Female",2013,"2013",0,"Income In The Past 12 Months Below Poverty Level",399,104,"Peoria, IL","16000US1759000","peoria-il",0.015975975975975977
2,"6 to 11 Years",1,"Female",2013,"2013",0,"Income In The Past 12 Months Below Poverty Level",1367,298,"Peoria, IL","16000US1759000","peoria-il",0.05473473473473473
2,"6 to 11 Years",0,"Male",2013,"2013",0,"Income In The Past 12 Months Below Poverty Level",1541,278,"Peoria, IL","16000US1759000","peoria-il",0.0617017017017017
0,"Under 5 Years",1,"Female",2013,"2013",0,"Income In The Past 12 Months Below Poverty Level",1698,232.99999999999997,"Peoria, IL","16000US1759000","peoria-il",0.06798798798798798
6,"18 to 24 Years",1,"Female",2013,"2013",0,"Income In The Past 12 Months Below Poverty Level",2996,362,"Peoria, IL","16000US1759000","peoria-il",0.11995995995995996